label,class,n_collected,n_used,n_train,n_val,n_test
0,Aalubhat,47,47,33,7,7
1,Alfredo_Pasta,29,27,19,4,4
2,Aloo_Paratha,49,49,35,7,7
3,Aloo_sabji,49,48,34,7,7
4,Alu_vadi,35,35,25,5,5
5,Appam,33,33,23,5,5
6,Basundi,54,54,38,8,8
7,Bhakri_thecha,53,41,29,6,6
8,Bhindi_Sabji,59,59,41,9,9
9,Bombay_Halwa,53,53,37,8,8
10,Brinjal_Curry,58,58,40,9,9
11,Brinjal_dry,52,52,36,8,8
12,Cabbage_sabji,37,37,25,6,6
13,Cauliflower_Sabji,64,54,38,8,8
14,Chicken_bhuna_masala,61,60,42,9,9
15,Chicken_biryani,58,58,40,9,9
16,Chicken_crispy,50,45,31,7,7
17,Chicken_curry,63,63,45,9,9
18,Chicken_fry,43,38,26,6,6
19,Chicken_soup,15,15,11,2,2
20,Chicken_tandoor,36,35,25,5,5
21,Chilli_chicken,24,23,17,3,3
22,Chinese_rice,51,51,35,8,8
23,Corn_bhel,49,49,35,7,7
24,Curd_rice,56,54,38,8,8
25,Dahi_Kadhi,13,13,9,2,2
26,Dhapata,51,51,35,8,8
27,Dhinkache_laddu,50,50,34,8,8
28,Dhokla,55,55,39,8,8
29,Dosa,70,70,50,10,10
30,Egg_bhurji,9,9,7,1,1
31,Egg_biryani,48,48,34,7,7
32,Fafda,49,47,33,7,7
33,Fish_fry,34,33,23,5,5
34,Fried_rice,42,42,30,6,6
35,Gajar_Halwa,50,44,30,7,7
36,Ghevar,37,37,25,6,6
37,Gulab_jamun,53,53,37,8,8
38,Idli,47,47,33,7,7
39,Jalebi,68,66,46,10,10
40,Jamun_shrikhand,27,27,19,4,4
41,Khandvi,44,44,30,7,7
42,Khichadi,52,51,35,8,8
43,Khichu,47,47,33,7,7
44,Kokam_Sharbat,51,51,35,8,8
45,Kothimbir_Vadi,83,83,59,12,12
46,Locho,44,44,30,7,7
47,Malai_Peda,69,69,49,10,10
48,Manchow_soup,12,12,8,2,2
49,Mango_barfi,52,52,36,8,8
50,Masala_oats,11,11,7,2,2
51,Masala_omelette,51,51,35,8,8
52,Masala_rice,52,51,35,8,8
53,Matar_Paneer,71,71,49,11,11
54,Mathura_Peda,68,67,47,10,10
55,Methi_Curry,50,50,34,8,8
56,Methi_dry,82,54,38,8,8
57,Methi_khakra,41,41,29,6,6
58,Methi_laddu,41,41,29,6,6
59,Milkcake,65,65,45,10,10
60,Misal_pav,29,26,18,4,4
61,Motichoor_Laddu,68,67,47,10,10
62,Mugachi_usal,50,50,34,8,8
63,Mutton_curry,55,55,39,8,8
64,Palak_Paneer,57,57,39,9,9
65,Palak_soup,53,53,37,8,8
66,Paneer_Broccoli_stir_fry,52,52,36,8,8
67,Pani_Puri,10,9,7,1,1
68,Papdi,44,44,30,7,7
69,Pasta,50,50,34,8,8
70,Pav_bhaji,34,31,21,5,5
71,Poha,67,67,47,10,10
72,Prawns_sabji,23,23,17,3,3
73,Pudina_grilled_chicken,54,54,38,8,8
74,Pulao,59,59,41,9,9
75,Pumpkin_Puri,34,33,23,5,5
76,Puran_Poli,61,59,41,9,9
77,Rajbhog_Matho,64,64,44,10,10
78,Rasam_rice,29,27,19,4,4
79,Rasgulla,60,60,42,9,9
80,Rasmalai,55,55,39,8,8
81,Rava_Sheera,65,65,45,10,10
82,Rava_barfi,9,9,7,1,1
83,Sabudana_Usal,16,16,12,2,2
84,Samosa,58,58,40,9,9
85,Sev_Khamni,42,42,30,6,6
86,Shevga_bhaji,45,45,31,7,7
87,Solalu_biryani,18,18,12,3,3
88,Spicy_vatana,7,7,5,1,1
89,Strawberry_shrikhand,15,15,11,2,2
90,Tilgul,25,25,17,4,4
91,Tondli_bhaji,50,50,34,8,8
92,Upma,50,50,34,8,8
93,Uttapam,57,57,39,9,9
94,Vada_Sambhar,59,59,41,9,9
95,Vadapav,28,28,20,4,4
96,Veg_Lollipop,52,52,36,8,8
97,Veg_Manchurian,61,61,43,9,9
98,Veg_fried_noodles,25,25,17,4,4
99,Veg_sandwich,21,21,15,3,3
