idx,path,label,class,md5,removed,reason
2653,/content/drive/MyDrive/Indian_Food_Research/datasets/CompressedDataset/Methi_dry/Methi_dry_016.jpg,56,Methi_dry,03d9a26a1586d96f4aee1c980d5f835b,False,kept (first copy)
2654,/content/drive/MyDrive/Indian_Food_Research/datasets/CompressedDataset/Methi_dry/Methi_dry_017.jpg,56,Methi_dry,03d9a26a1586d96f4aee1c980d5f835b,True,exact duplicate (same class)
3757,/content/drive/MyDrive/Indian_Food_Research/datasets/CompressedDataset/Rasam_rice/Rasam_rice_028.jpg,78,Rasam_rice,143f7adc4a7424e6f072ff10ffff3c99,False,kept (first copy)
3758,/content/drive/MyDrive/Indian_Food_Research/datasets/CompressedDataset/Rasam_rice/Rasam_rice_029.jpg,78,Rasam_rice,143f7adc4a7424e6f072ff10ffff3c99,True,exact duplicate (same class)
638,/content/drive/MyDrive/Indian_Food_Research/datasets/CompressedDataset/Cauliflower_Sabji/Cauliflower_Sabji_031.jpg,13,Cauliflower_Sabji,16564db33f414d70619a613938b5b5a2,False,kept (first copy)
639,/content/drive/MyDrive/Indian_Food_Research/datasets/CompressedDataset/Cauliflower_Sabji/Cauliflower_Sabji_032.jpg,13,Cauliflower_Sabji,16564db33f414d70619a613938b5b5a2,True,exact duplicate (same class)
2677,/content/drive/MyDrive/Indian_Food_Research/datasets/CompressedDataset/Methi_dry/Methi_dry_040.jpg,56,Methi_dry,1781036897861bc4e14ad2f88fe95f1b,False,kept (first copy)
2678,/content/drive/MyDrive/Indian_Food_Research/datasets/CompressedDataset/Methi_dry/Methi_dry_041.jpg,56,Methi_dry,1781036897861bc4e14ad2f88fe95f1b,True,exact duplicate (same class)
2663,/content/drive/MyDrive/Indian_Food_Research/datasets/CompressedDataset/Methi_dry/Methi_dry_026.jpg,56,Methi_dry,1cc33241bf1f9715a1d4fa024db60f14,False,kept (first copy)
2664,/content/drive/MyDrive/Indian_Food_Research/datasets/CompressedDataset/Methi_dry/Methi_dry_027.jpg,56,Methi_dry,1cc33241bf1f9715a1d4fa024db60f14,True,exact duplicate (same class)
630,/content/drive/MyDrive/Indian_Food_Research/datasets/CompressedDataset/Cauliflower_Sabji/Cauliflower_Sabji_023.jpg,13,Cauliflower_Sabji,1d67315e201e51fd7045780de3f59297,False,kept (first copy)
631,/content/drive/MyDrive/Indian_Food_Research/datasets/CompressedDataset/Cauliflower_Sabji/Cauliflower_Sabji_024.jpg,13,Cauliflower_Sabji,1d67315e201e51fd7045780de3f59297,True,exact duplicate (same class)
48,/content/drive/MyDrive/Indian_Food_Research/datasets/CompressedDataset/Alfredo_Pasta/Alfredo_Pasta_002.jpg,1,Alfredo_Pasta,21b76e49f57926961371964ea95b031b,False,kept (first copy)
56,/content/drive/MyDrive/Indian_Food_Research/datasets/CompressedDataset/Alfredo_Pasta/Alfredo_Pasta_010.jpg,1,Alfredo_Pasta,21b76e49f57926961371964ea95b031b,True,exact duplicate (same class)
2669,/content/drive/MyDrive/Indian_Food_Research/datasets/CompressedDataset/Methi_dry/Methi_dry_032.jpg,56,Methi_dry,231643051855d805d2c4a466ba6abd2c,False,kept (first copy)
2670,/content/drive/MyDrive/Indian_Food_Research/datasets/CompressedDataset/Methi_dry/Methi_dry_033.jpg,56,Methi_dry,231643051855d805d2c4a466ba6abd2c,True,exact duplicate (same class)
1631,/content/drive/MyDrive/Indian_Food_Research/datasets/CompressedDataset/Gajar_Halwa/Gajar_Halwa_033.jpg,35,Gajar_Halwa,24e8b3a44b6c1d76f267ea0a493bd034,False,kept (first copy)
1632,/content/drive/MyDrive/Indian_Food_Research/datasets/CompressedDataset/Gajar_Halwa/Gajar_Halwa_034.jpg,35,Gajar_Halwa,24e8b3a44b6c1d76f267ea0a493bd034,True,exact duplicate (same class)
2673,/content/drive/MyDrive/Indian_Food_Research/datasets/CompressedDataset/Methi_dry/Methi_dry_036.jpg,56,Methi_dry,250704b4029e6b7b03cfbccee1d5961a,False,kept (first copy)
2674,/content/drive/MyDrive/Indian_Food_Research/datasets/CompressedDataset/Methi_dry/Methi_dry_037.jpg,56,Methi_dry,250704b4029e6b7b03cfbccee1d5961a,True,exact duplicate (same class)
329,/content/drive/MyDrive/Indian_Food_Research/datasets/CompressedDataset/Bhakri_thecha/Bhakri_thecha_033.jpg,7,Bhakri_thecha,25a1535354462d69199cd16cec12d584,False,kept (first copy)
330,/content/drive/MyDrive/Indian_Food_Research/datasets/CompressedDataset/Bhakri_thecha/Bhakri_thecha_034.jpg,7,Bhakri_thecha,25a1535354462d69199cd16cec12d584,True,exact duplicate (same class)
2667,/content/drive/MyDrive/Indian_Food_Research/datasets/CompressedDataset/Methi_dry/Methi_dry_030.jpg,56,Methi_dry,27ba4714f0a36ec89549bf27c99a9077,False,kept (first copy)
2668,/content/drive/MyDrive/Indian_Food_Research/datasets/CompressedDataset/Methi_dry/Methi_dry_031.jpg,56,Methi_dry,27ba4714f0a36ec89549bf27c99a9077,True,exact duplicate (same class)
2882,/content/drive/MyDrive/Indian_Food_Research/datasets/CompressedDataset/Misal_pav/Misal_pav_016.jpg,60,Misal_pav,2816ea2e3bb4354fc41b9af29b39886a,True,exact duplicate under different classes
3345,/content/drive/MyDrive/Indian_Food_Research/datasets/CompressedDataset/Pav_bhaji/Pav_bhaji_011.jpg,70,Pav_bhaji,2816ea2e3bb4354fc41b9af29b39886a,True,exact duplicate under different classes
333,/content/drive/MyDrive/Indian_Food_Research/datasets/CompressedDataset/Bhakri_thecha/Bhakri_thecha_037.jpg,7,Bhakri_thecha,2823715c5991caeb7d547c94b5d9570d,False,kept (first copy)
334,/content/drive/MyDrive/Indian_Food_Research/datasets/CompressedDataset/Bhakri_thecha/Bhakri_thecha_038.jpg,7,Bhakri_thecha,2823715c5991caeb7d547c94b5d9570d,True,exact duplicate (same class)
2681,/content/drive/MyDrive/Indian_Food_Research/datasets/CompressedDataset/Methi_dry/Methi_dry_044.jpg,56,Methi_dry,323832d2b0e031daa0e8cb733dc29b1b,False,kept (first copy)
2682,/content/drive/MyDrive/Indian_Food_Research/datasets/CompressedDataset/Methi_dry/Methi_dry_045.jpg,56,Methi_dry,323832d2b0e031daa0e8cb733dc29b1b,True,exact duplicate (same class)
634,/content/drive/MyDrive/Indian_Food_Research/datasets/CompressedDataset/Cauliflower_Sabji/Cauliflower_Sabji_027.jpg,13,Cauliflower_Sabji,3a466c4d8f7edd5c4c17921178eba54e,False,kept (first copy)
635,/content/drive/MyDrive/Indian_Food_Research/datasets/CompressedDataset/Cauliflower_Sabji/Cauliflower_Sabji_028.jpg,13,Cauliflower_Sabji,3a466c4d8f7edd5c4c17921178eba54e,True,exact duplicate (same class)
2412,/content/drive/MyDrive/Indian_Food_Research/datasets/CompressedDataset/Masala_rice/Masala_Rice_016.jpg,52,Masala_rice,3ce45da025e6d9b920215e5ab2d3f4da,False,kept (first copy)
2413,/content/drive/MyDrive/Indian_Food_Research/datasets/CompressedDataset/Masala_rice/Masala_Rice_017.jpg,52,Masala_rice,3ce45da025e6d9b920215e5ab2d3f4da,True,exact duplicate (same class)
2883,/content/drive/MyDrive/Indian_Food_Research/datasets/CompressedDataset/Misal_pav/Misal_pav_017.jpg,60,Misal_pav,3da616124ae2a01ad20a7a0fe8e4ca60,True,exact duplicate under different classes
3346,/content/drive/MyDrive/Indian_Food_Research/datasets/CompressedDataset/Pav_bhaji/Pav_bhaji_012.jpg,70,Pav_bhaji,3da616124ae2a01ad20a7a0fe8e4ca60,True,exact duplicate under different classes
2659,/content/drive/MyDrive/Indian_Food_Research/datasets/CompressedDataset/Methi_dry/Methi_dry_022.jpg,56,Methi_dry,3de516191dbcacdd59f377e0f53f1b3c,False,kept (first copy)
2660,/content/drive/MyDrive/Indian_Food_Research/datasets/CompressedDataset/Methi_dry/Methi_dry_023.jpg,56,Methi_dry,3de516191dbcacdd59f377e0f53f1b3c,True,exact duplicate (same class)
2689,/content/drive/MyDrive/Indian_Food_Research/datasets/CompressedDataset/Methi_dry/Methi_dry_052.jpg,56,Methi_dry,432d8b8e190f1595ebb93af6f0bba2a5,False,kept (first copy)
2690,/content/drive/MyDrive/Indian_Food_Research/datasets/CompressedDataset/Methi_dry/Methi_dry_053.jpg,56,Methi_dry,432d8b8e190f1595ebb93af6f0bba2a5,True,exact duplicate (same class)
2657,/content/drive/MyDrive/Indian_Food_Research/datasets/CompressedDataset/Methi_dry/Methi_dry_020.jpg,56,Methi_dry,43ba894b0600f1bee1f1b12c00a04e9f,False,kept (first copy)
2658,/content/drive/MyDrive/Indian_Food_Research/datasets/CompressedDataset/Methi_dry/Methi_dry_021.jpg,56,Methi_dry,43ba894b0600f1bee1f1b12c00a04e9f,True,exact duplicate (same class)
1639,/content/drive/MyDrive/Indian_Food_Research/datasets/CompressedDataset/Gajar_Halwa/Gajar_Halwa_041.jpg,35,Gajar_Halwa,45c6c1832ee090281c63968d9c03b377,False,kept (first copy)
1640,/content/drive/MyDrive/Indian_Food_Research/datasets/CompressedDataset/Gajar_Halwa/Gajar_Halwa_042.jpg,35,Gajar_Halwa,45c6c1832ee090281c63968d9c03b377,True,exact duplicate (same class)
2585,/content/drive/MyDrive/Indian_Food_Research/datasets/CompressedDataset/Mathura_Peda/Mathura_Peda_066.jpg,54,Mathura_Peda,4699d156ffece42bd4b7d6390a958328,False,kept (first copy)
2586,/content/drive/MyDrive/Indian_Food_Research/datasets/CompressedDataset/Mathura_Peda/Mathura_Peda_067.jpg,54,Mathura_Peda,4699d156ffece42bd4b7d6390a958328,True,exact duplicate (same class)
341,/content/drive/MyDrive/Indian_Food_Research/datasets/CompressedDataset/Bhakri_thecha/Bhakri_thecha_045.jpg,7,Bhakri_thecha,4ba3b6c492920127a66cfffa9bb4a08c,False,kept (first copy)
342,/content/drive/MyDrive/Indian_Food_Research/datasets/CompressedDataset/Bhakri_thecha/Bhakri_thecha_046.jpg,7,Bhakri_thecha,4ba3b6c492920127a66cfffa9bb4a08c,True,exact duplicate (same class)
2683,/content/drive/MyDrive/Indian_Food_Research/datasets/CompressedDataset/Methi_dry/Methi_dry_046.jpg,56,Methi_dry,4d4cfa17a433cfabd7f7433d6d0ef705,False,kept (first copy)
2684,/content/drive/MyDrive/Indian_Food_Research/datasets/CompressedDataset/Methi_dry/Methi_dry_047.jpg,56,Methi_dry,4d4cfa17a433cfabd7f7433d6d0ef705,True,exact duplicate (same class)
2687,/content/drive/MyDrive/Indian_Food_Research/datasets/CompressedDataset/Methi_dry/Methi_dry_050.jpg,56,Methi_dry,4e78c635a07b021dc292b5079babb1e0,False,kept (first copy)
2688,/content/drive/MyDrive/Indian_Food_Research/datasets/CompressedDataset/Methi_dry/Methi_dry_051.jpg,56,Methi_dry,4e78c635a07b021dc292b5079babb1e0,True,exact duplicate (same class)
2655,/content/drive/MyDrive/Indian_Food_Research/datasets/CompressedDataset/Methi_dry/Methi_dry_018.jpg,56,Methi_dry,4fcc37d0268750e7413a0a6f9bf1e6d1,False,kept (first copy)
2656,/content/drive/MyDrive/Indian_Food_Research/datasets/CompressedDataset/Methi_dry/Methi_dry_019.jpg,56,Methi_dry,4fcc37d0268750e7413a0a6f9bf1e6d1,True,exact duplicate (same class)
1127,/content/drive/MyDrive/Indian_Food_Research/datasets/CompressedDataset/Curd_rice/Curd_rice_006.jpg,24,Curd_rice,570ba756f3c85a047833fc7fdebf2c71,False,kept (first copy)
1133,/content/drive/MyDrive/Indian_Food_Research/datasets/CompressedDataset/Curd_rice/Curd_rice_012.jpg,24,Curd_rice,570ba756f3c85a047833fc7fdebf2c71,True,exact duplicate (same class)
801,/content/drive/MyDrive/Indian_Food_Research/datasets/CompressedDataset/Chicken_crispy/Chicken_crispy_011.jpg,16,Chicken_crispy,5988f9542450f28724f20297b2357071,True,exact duplicate under different classes
926,/content/drive/MyDrive/Indian_Food_Research/datasets/CompressedDataset/Chicken_fry/Chicken_fry_023.jpg,18,Chicken_fry,5988f9542450f28724f20297b2357071,True,exact duplicate under different classes
2699,/content/drive/MyDrive/Indian_Food_Research/datasets/CompressedDataset/Methi_dry/Methi_dry_062.jpg,56,Methi_dry,5e844bd9b01be6aeb82545d4b1d02de8,False,kept (first copy)
2700,/content/drive/MyDrive/Indian_Food_Research/datasets/CompressedDataset/Methi_dry/Methi_dry_063.jpg,56,Methi_dry,5e844bd9b01be6aeb82545d4b1d02de8,True,exact duplicate (same class)
1635,/content/drive/MyDrive/Indian_Food_Research/datasets/CompressedDataset/Gajar_Halwa/Gajar_Halwa_037.jpg,35,Gajar_Halwa,5fa2e64b2045c97294ffeceee607393d,False,kept (first copy)
1636,/content/drive/MyDrive/Indian_Food_Research/datasets/CompressedDataset/Gajar_Halwa/Gajar_Halwa_038.jpg,35,Gajar_Halwa,5fa2e64b2045c97294ffeceee607393d,True,exact duplicate (same class)
339,/content/drive/MyDrive/Indian_Food_Research/datasets/CompressedDataset/Bhakri_thecha/Bhakri_thecha_043.jpg,7,Bhakri_thecha,615c0b469478a0e8fe9d41a97e6fcdbf,False,kept (first copy)
340,/content/drive/MyDrive/Indian_Food_Research/datasets/CompressedDataset/Bhakri_thecha/Bhakri_thecha_044.jpg,7,Bhakri_thecha,615c0b469478a0e8fe9d41a97e6fcdbf,True,exact duplicate (same class)
1520,/content/drive/MyDrive/Indian_Food_Research/datasets/CompressedDataset/Fafda/Fafda_047.jpg,32,Fafda,67dfe97d1d969891fe77e1f6c6672132,True,exact duplicate under different classes
1851,/content/drive/MyDrive/Indian_Food_Research/datasets/CompressedDataset/Jalebi/Jalebi_066.jpg,39,Jalebi,67dfe97d1d969891fe77e1f6c6672132,True,exact duplicate under different classes
676,/content/drive/MyDrive/Indian_Food_Research/datasets/CompressedDataset/Chicken_bhuna_masala/Chicken_bhuna_masala_005.jpg,14,Chicken_bhuna_masala,683dbffc25849d9f2ba7b51d056ba9c7,True,exact duplicate under different classes
1008,/content/drive/MyDrive/Indian_Food_Research/datasets/CompressedDataset/Chilli_chicken/Chilli_chicken_011.jpg,21,Chilli_chicken,683dbffc25849d9f2ba7b51d056ba9c7,True,exact duplicate under different classes
2703,/content/drive/MyDrive/Indian_Food_Research/datasets/CompressedDataset/Methi_dry/Methi_dry_066.jpg,56,Methi_dry,6a9aa811f555807b0b5d02a685b3dee1,False,kept (first copy)
2704,/content/drive/MyDrive/Indian_Food_Research/datasets/CompressedDataset/Methi_dry/Methi_dry_067.jpg,56,Methi_dry,6a9aa811f555807b0b5d02a685b3dee1,True,exact duplicate (same class)
1521,/content/drive/MyDrive/Indian_Food_Research/datasets/CompressedDataset/Fafda/Fafda_048.jpg,32,Fafda,6b44e968d85d689fa1b90a7466367904,True,exact duplicate under different classes
1853,/content/drive/MyDrive/Indian_Food_Research/datasets/CompressedDataset/Jalebi/Jalebi_068.jpg,39,Jalebi,6b44e968d85d689fa1b90a7466367904,True,exact duplicate under different classes
3649,/content/drive/MyDrive/Indian_Food_Research/datasets/CompressedDataset/Puran_Poli/Puran_Poli_044.jpg,76,Puran_Poli,70cda7136bedd99a3b80acbf354b2910,False,kept (first copy)
3651,/content/drive/MyDrive/Indian_Food_Research/datasets/CompressedDataset/Puran_Poli/Puran_Poli_046.jpg,76,Puran_Poli,70cda7136bedd99a3b80acbf354b2910,True,exact duplicate (same class)
2695,/content/drive/MyDrive/Indian_Food_Research/datasets/CompressedDataset/Methi_dry/Methi_dry_058.jpg,56,Methi_dry,72b1ecac775a73320aa02d3592855976,False,kept (first copy)
2696,/content/drive/MyDrive/Indian_Food_Research/datasets/CompressedDataset/Methi_dry/Methi_dry_059.jpg,56,Methi_dry,72b1ecac775a73320aa02d3592855976,True,exact duplicate (same class)
793,/content/drive/MyDrive/Indian_Food_Research/datasets/CompressedDataset/Chicken_crispy/Chicken_crispy_003.jpg,16,Chicken_crispy,7a5a72ffb725b65b68efb850063ea463,True,exact duplicate under different classes
914,/content/drive/MyDrive/Indian_Food_Research/datasets/CompressedDataset/Chicken_fry/Chicken_fry_011.jpg,18,Chicken_fry,7a5a72ffb725b65b68efb850063ea463,True,exact duplicate under different classes
799,/content/drive/MyDrive/Indian_Food_Research/datasets/CompressedDataset/Chicken_crispy/Chicken_crispy_009.jpg,16,Chicken_crispy,7afb73b503f3839699b7eefb08600bc1,True,exact duplicate under different classes
936,/content/drive/MyDrive/Indian_Food_Research/datasets/CompressedDataset/Chicken_fry/Chicken_fry_033.jpg,18,Chicken_fry,7afb73b503f3839699b7eefb08600bc1,True,exact duplicate under different classes
2679,/content/drive/MyDrive/Indian_Food_Research/datasets/CompressedDataset/Methi_dry/Methi_dry_042.jpg,56,Methi_dry,8156a3d60f6cd703dfa8cdc50be02f2f,False,kept (first copy)
2680,/content/drive/MyDrive/Indian_Food_Research/datasets/CompressedDataset/Methi_dry/Methi_dry_043.jpg,56,Methi_dry,8156a3d60f6cd703dfa8cdc50be02f2f,True,exact duplicate (same class)
636,/content/drive/MyDrive/Indian_Food_Research/datasets/CompressedDataset/Cauliflower_Sabji/Cauliflower_Sabji_029.jpg,13,Cauliflower_Sabji,826a6c3df876c623f88dbe813a9b2c81,False,kept (first copy)
637,/content/drive/MyDrive/Indian_Food_Research/datasets/CompressedDataset/Cauliflower_Sabji/Cauliflower_Sabji_030.jpg,13,Cauliflower_Sabji,826a6c3df876c623f88dbe813a9b2c81,True,exact duplicate (same class)
2651,/content/drive/MyDrive/Indian_Food_Research/datasets/CompressedDataset/Methi_dry/Methi_dry_014.jpg,56,Methi_dry,8a67febf69b09cd2c57397db23086d52,False,kept (first copy)
2652,/content/drive/MyDrive/Indian_Food_Research/datasets/CompressedDataset/Methi_dry/Methi_dry_015.jpg,56,Methi_dry,8a67febf69b09cd2c57397db23086d52,True,exact duplicate (same class)
1128,/content/drive/MyDrive/Indian_Food_Research/datasets/CompressedDataset/Curd_rice/Curd_rice_007.jpg,24,Curd_rice,91af3509a99b963cd2c50a68d3eecdd1,False,kept (first copy)
1132,/content/drive/MyDrive/Indian_Food_Research/datasets/CompressedDataset/Curd_rice/Curd_rice_011.jpg,24,Curd_rice,91af3509a99b963cd2c50a68d3eecdd1,True,exact duplicate (same class)
2675,/content/drive/MyDrive/Indian_Food_Research/datasets/CompressedDataset/Methi_dry/Methi_dry_038.jpg,56,Methi_dry,9312b00008ab344b621c07863f9abfc4,False,kept (first copy)
2676,/content/drive/MyDrive/Indian_Food_Research/datasets/CompressedDataset/Methi_dry/Methi_dry_039.jpg,56,Methi_dry,9312b00008ab344b621c07863f9abfc4,True,exact duplicate (same class)
2665,/content/drive/MyDrive/Indian_Food_Research/datasets/CompressedDataset/Methi_dry/Methi_dry_028.jpg,56,Methi_dry,93986ed0a3dbfd1a3a0717caa7a36603,False,kept (first copy)
2666,/content/drive/MyDrive/Indian_Food_Research/datasets/CompressedDataset/Methi_dry/Methi_dry_029.jpg,56,Methi_dry,93986ed0a3dbfd1a3a0717caa7a36603,True,exact duplicate (same class)
646,/content/drive/MyDrive/Indian_Food_Research/datasets/CompressedDataset/Cauliflower_Sabji/Cauliflower_Sabji_039.jpg,13,Cauliflower_Sabji,95dd97828558a5a168cf2a89d251c889,False,kept (first copy)
647,/content/drive/MyDrive/Indian_Food_Research/datasets/CompressedDataset/Cauliflower_Sabji/Cauliflower_Sabji_040.jpg,13,Cauliflower_Sabji,95dd97828558a5a168cf2a89d251c889,True,exact duplicate (same class)
2693,/content/drive/MyDrive/Indian_Food_Research/datasets/CompressedDataset/Methi_dry/Methi_dry_056.jpg,56,Methi_dry,9d9703676566068444eb5ae272ef3633,False,kept (first copy)
2694,/content/drive/MyDrive/Indian_Food_Research/datasets/CompressedDataset/Methi_dry/Methi_dry_057.jpg,56,Methi_dry,9d9703676566068444eb5ae272ef3633,True,exact duplicate (same class)
2649,/content/drive/MyDrive/Indian_Food_Research/datasets/CompressedDataset/Methi_dry/Methi_dry_012.jpg,56,Methi_dry,a17908c1f8ffa694266b8617232e9c1a,False,kept (first copy)
2650,/content/drive/MyDrive/Indian_Food_Research/datasets/CompressedDataset/Methi_dry/Methi_dry_013.jpg,56,Methi_dry,a17908c1f8ffa694266b8617232e9c1a,True,exact duplicate (same class)
327,/content/drive/MyDrive/Indian_Food_Research/datasets/CompressedDataset/Bhakri_thecha/Bhakri_thecha_031.jpg,7,Bhakri_thecha,a315379dc6647b6c8edd73dd070454ce,False,kept (first copy)
328,/content/drive/MyDrive/Indian_Food_Research/datasets/CompressedDataset/Bhakri_thecha/Bhakri_thecha_032.jpg,7,Bhakri_thecha,a315379dc6647b6c8edd73dd070454ce,True,exact duplicate (same class)
640,/content/drive/MyDrive/Indian_Food_Research/datasets/CompressedDataset/Cauliflower_Sabji/Cauliflower_Sabji_033.jpg,13,Cauliflower_Sabji,aa1e70bd53545c73cddf9669f69f9dc0,False,kept (first copy)
641,/content/drive/MyDrive/Indian_Food_Research/datasets/CompressedDataset/Cauliflower_Sabji/Cauliflower_Sabji_034.jpg,13,Cauliflower_Sabji,aa1e70bd53545c73cddf9669f69f9dc0,True,exact duplicate (same class)
335,/content/drive/MyDrive/Indian_Food_Research/datasets/CompressedDataset/Bhakri_thecha/Bhakri_thecha_039.jpg,7,Bhakri_thecha,aa485f4ecbcb909cdadaa7e009f2f2be,False,kept (first copy)
336,/content/drive/MyDrive/Indian_Food_Research/datasets/CompressedDataset/Bhakri_thecha/Bhakri_thecha_040.jpg,7,Bhakri_thecha,aa485f4ecbcb909cdadaa7e009f2f2be,True,exact duplicate (same class)
632,/content/drive/MyDrive/Indian_Food_Research/datasets/CompressedDataset/Cauliflower_Sabji/Cauliflower_Sabji_025.jpg,13,Cauliflower_Sabji,aabde3f94c36505abddf0910f44b1a3c,False,kept (first copy)
633,/content/drive/MyDrive/Indian_Food_Research/datasets/CompressedDataset/Cauliflower_Sabji/Cauliflower_Sabji_026.jpg,13,Cauliflower_Sabji,aabde3f94c36505abddf0910f44b1a3c,True,exact duplicate (same class)
1625,/content/drive/MyDrive/Indian_Food_Research/datasets/CompressedDataset/Gajar_Halwa/Gajar_Halwa_027.jpg,35,Gajar_Halwa,abf21e6912502f335c3939a053a6734c,False,kept (first copy)
1626,/content/drive/MyDrive/Indian_Food_Research/datasets/CompressedDataset/Gajar_Halwa/Gajar_Halwa_028.jpg,35,Gajar_Halwa,abf21e6912502f335c3939a053a6734c,True,exact duplicate (same class)
49,/content/drive/MyDrive/Indian_Food_Research/datasets/CompressedDataset/Alfredo_Pasta/Alfredo_Pasta_003.jpg,1,Alfredo_Pasta,ac8a231631966a0b324c93f4f95e31de,False,kept (first copy)
50,/content/drive/MyDrive/Indian_Food_Research/datasets/CompressedDataset/Alfredo_Pasta/Alfredo_Pasta_004.jpg,1,Alfredo_Pasta,ac8a231631966a0b324c93f4f95e31de,True,exact duplicate (same class)
2701,/content/drive/MyDrive/Indian_Food_Research/datasets/CompressedDataset/Methi_dry/Methi_dry_064.jpg,56,Methi_dry,acb79b1875d74aa94059fd8f4f5c79af,False,kept (first copy)
2702,/content/drive/MyDrive/Indian_Food_Research/datasets/CompressedDataset/Methi_dry/Methi_dry_065.jpg,56,Methi_dry,acb79b1875d74aa94059fd8f4f5c79af,True,exact duplicate (same class)
141,/content/drive/MyDrive/Indian_Food_Research/datasets/CompressedDataset/Aloo_sabji/Aloo_sabji_017.jpg,3,Aloo_sabji,af44155bf1f8d370fdb70142e9a99782,False,kept (first copy)
173,/content/drive/MyDrive/Indian_Food_Research/datasets/CompressedDataset/Aloo_sabji/.ipynb_checkpoints/Aloo_sabji_017-checkpoint.jpg,3,Aloo_sabji,af44155bf1f8d370fdb70142e9a99782,True,exact duplicate (same class)
2691,/content/drive/MyDrive/Indian_Food_Research/datasets/CompressedDataset/Methi_dry/Methi_dry_054.jpg,56,Methi_dry,af6f1b93cbd856b2560281b1398eb04e,False,kept (first copy)
2692,/content/drive/MyDrive/Indian_Food_Research/datasets/CompressedDataset/Methi_dry/Methi_dry_055.jpg,56,Methi_dry,af6f1b93cbd856b2560281b1398eb04e,True,exact duplicate (same class)
648,/content/drive/MyDrive/Indian_Food_Research/datasets/CompressedDataset/Cauliflower_Sabji/Cauliflower_Sabji_041.jpg,13,Cauliflower_Sabji,b2dc130340d483d45de4539ff380cb9f,False,kept (first copy)
649,/content/drive/MyDrive/Indian_Food_Research/datasets/CompressedDataset/Cauliflower_Sabji/Cauliflower_Sabji_042.jpg,13,Cauliflower_Sabji,b2dc130340d483d45de4539ff380cb9f,True,exact duplicate (same class)
2685,/content/drive/MyDrive/Indian_Food_Research/datasets/CompressedDataset/Methi_dry/Methi_dry_048.jpg,56,Methi_dry,b3dceeebb92a0758f268069dd16dff45,False,kept (first copy)
2686,/content/drive/MyDrive/Indian_Food_Research/datasets/CompressedDataset/Methi_dry/Methi_dry_049.jpg,56,Methi_dry,b3dceeebb92a0758f268069dd16dff45,True,exact duplicate (same class)
2671,/content/drive/MyDrive/Indian_Food_Research/datasets/CompressedDataset/Methi_dry/Methi_dry_034.jpg,56,Methi_dry,bb634f3892f82cb29178547dba376d01,False,kept (first copy)
2672,/content/drive/MyDrive/Indian_Food_Research/datasets/CompressedDataset/Methi_dry/Methi_dry_035.jpg,56,Methi_dry,bb634f3892f82cb29178547dba376d01,True,exact duplicate (same class)
3740,/content/drive/MyDrive/Indian_Food_Research/datasets/CompressedDataset/Rasam_rice/Rasam_rice_010.jpg,78,Rasam_rice,be16cc1c4acbb17b072f9613e1f2116b,False,kept (first copy)
3741,/content/drive/MyDrive/Indian_Food_Research/datasets/CompressedDataset/Rasam_rice/Rasam_rice_011.jpg,78,Rasam_rice,be16cc1c4acbb17b072f9613e1f2116b,True,exact duplicate (same class)
2697,/content/drive/MyDrive/Indian_Food_Research/datasets/CompressedDataset/Methi_dry/Methi_dry_060.jpg,56,Methi_dry,c2281dfbc555bffcd2aa0d2b4fbe6176,False,kept (first copy)
2698,/content/drive/MyDrive/Indian_Food_Research/datasets/CompressedDataset/Methi_dry/Methi_dry_061.jpg,56,Methi_dry,c2281dfbc555bffcd2aa0d2b4fbe6176,True,exact duplicate (same class)
2661,/content/drive/MyDrive/Indian_Food_Research/datasets/CompressedDataset/Methi_dry/Methi_dry_024.jpg,56,Methi_dry,c39794e14a73abbc5e810e82173b2fdb,False,kept (first copy)
2662,/content/drive/MyDrive/Indian_Food_Research/datasets/CompressedDataset/Methi_dry/Methi_dry_025.jpg,56,Methi_dry,c39794e14a73abbc5e810e82173b2fdb,True,exact duplicate (same class)
2880,/content/drive/MyDrive/Indian_Food_Research/datasets/CompressedDataset/Misal_pav/Misal_pav_014.jpg,60,Misal_pav,cadc477e216d5d42f72d2a76d6bc1531,True,exact duplicate under different classes
3335,/content/drive/MyDrive/Indian_Food_Research/datasets/CompressedDataset/Pav_bhaji/Pav_bhaji_001.jpg,70,Pav_bhaji,cadc477e216d5d42f72d2a76d6bc1531,True,exact duplicate under different classes
347,/content/drive/MyDrive/Indian_Food_Research/datasets/CompressedDataset/Bhakri_thecha/Bhakri_thecha_051.jpg,7,Bhakri_thecha,cdf7e382c3c5abf15d39b06de8f3df81,False,kept (first copy)
348,/content/drive/MyDrive/Indian_Food_Research/datasets/CompressedDataset/Bhakri_thecha/Bhakri_thecha_052.jpg,7,Bhakri_thecha,cdf7e382c3c5abf15d39b06de8f3df81,True,exact duplicate (same class)
1633,/content/drive/MyDrive/Indian_Food_Research/datasets/CompressedDataset/Gajar_Halwa/Gajar_Halwa_035.jpg,35,Gajar_Halwa,cfb15ab9bb3d63bb7ada2c9f48fa4fe1,False,kept (first copy)
1634,/content/drive/MyDrive/Indian_Food_Research/datasets/CompressedDataset/Gajar_Halwa/Gajar_Halwa_036.jpg,35,Gajar_Halwa,cfb15ab9bb3d63bb7ada2c9f48fa4fe1,True,exact duplicate (same class)
798,/content/drive/MyDrive/Indian_Food_Research/datasets/CompressedDataset/Chicken_crispy/Chicken_crispy_008.jpg,16,Chicken_crispy,d901c08ef3d91fae2b63d99e012b4c68,True,exact duplicate under different classes
933,/content/drive/MyDrive/Indian_Food_Research/datasets/CompressedDataset/Chicken_fry/Chicken_fry_030.jpg,18,Chicken_fry,d901c08ef3d91fae2b63d99e012b4c68,True,exact duplicate under different classes
325,/content/drive/MyDrive/Indian_Food_Research/datasets/CompressedDataset/Bhakri_thecha/Bhakri_thecha_029.jpg,7,Bhakri_thecha,e12ee903efada673301c226a88aacfe4,False,kept (first copy)
326,/content/drive/MyDrive/Indian_Food_Research/datasets/CompressedDataset/Bhakri_thecha/Bhakri_thecha_030.jpg,7,Bhakri_thecha,e12ee903efada673301c226a88aacfe4,True,exact duplicate (same class)
1929,/content/drive/MyDrive/Indian_Food_Research/datasets/CompressedDataset/Khichadi/Khichadi_005.jpg,42,Khichadi,e8d9c437a0226306d53485d2cb8ea783,False,kept (first copy)
1930,/content/drive/MyDrive/Indian_Food_Research/datasets/CompressedDataset/Khichadi/Khichadi_006.jpg,42,Khichadi,e8d9c437a0226306d53485d2cb8ea783,True,exact duplicate (same class)
2948,/content/drive/MyDrive/Indian_Food_Research/datasets/CompressedDataset/Motichoor_Laddu/Motichoor_Laddu_053.jpg,61,Motichoor_Laddu,e9b160ca125d21122bbb5f2fde5f9837,False,kept (first copy)
2949,/content/drive/MyDrive/Indian_Food_Research/datasets/CompressedDataset/Motichoor_Laddu/Motichoor_Laddu_054.jpg,61,Motichoor_Laddu,e9b160ca125d21122bbb5f2fde5f9837,True,exact duplicate (same class)
644,/content/drive/MyDrive/Indian_Food_Research/datasets/CompressedDataset/Cauliflower_Sabji/Cauliflower_Sabji_037.jpg,13,Cauliflower_Sabji,ea59805ae7b52444c521dbddad9373ab,False,kept (first copy)
645,/content/drive/MyDrive/Indian_Food_Research/datasets/CompressedDataset/Cauliflower_Sabji/Cauliflower_Sabji_038.jpg,13,Cauliflower_Sabji,ea59805ae7b52444c521dbddad9373ab,True,exact duplicate (same class)
1637,/content/drive/MyDrive/Indian_Food_Research/datasets/CompressedDataset/Gajar_Halwa/Gajar_Halwa_039.jpg,35,Gajar_Halwa,ec05995cc16e22556ea2226bc53025d6,False,kept (first copy)
1638,/content/drive/MyDrive/Indian_Food_Research/datasets/CompressedDataset/Gajar_Halwa/Gajar_Halwa_040.jpg,35,Gajar_Halwa,ec05995cc16e22556ea2226bc53025d6,True,exact duplicate (same class)
802,/content/drive/MyDrive/Indian_Food_Research/datasets/CompressedDataset/Chicken_crispy/Chicken_crispy_012.jpg,16,Chicken_crispy,ec06089f743935c1e5e2a5894c580884,True,exact duplicate under different classes
917,/content/drive/MyDrive/Indian_Food_Research/datasets/CompressedDataset/Chicken_fry/Chicken_fry_014.jpg,18,Chicken_fry,ec06089f743935c1e5e2a5894c580884,True,exact duplicate under different classes
3603,/content/drive/MyDrive/Indian_Food_Research/datasets/CompressedDataset/Pumpkin_Puri/Pumpkin_Puri_032.jpg,75,Pumpkin_Puri,ecdbdbc52d346049bf019da704d8b44f,False,kept (first copy)
3604,/content/drive/MyDrive/Indian_Food_Research/datasets/CompressedDataset/Pumpkin_Puri/Pumpkin_Puri_033.jpg,75,Pumpkin_Puri,ecdbdbc52d346049bf019da704d8b44f,True,exact duplicate (same class)
969,/content/drive/MyDrive/Indian_Food_Research/datasets/CompressedDataset/Chicken_tandoor/Chicken_tandoor_008.jpg,20,Chicken_tandoor,ed2f45ab54b4164ba9b5fc6c713fa9c3,False,kept (first copy)
970,/content/drive/MyDrive/Indian_Food_Research/datasets/CompressedDataset/Chicken_tandoor/Chicken_tandoor_009.jpg,20,Chicken_tandoor,ed2f45ab54b4164ba9b5fc6c713fa9c3,True,exact duplicate (same class)
345,/content/drive/MyDrive/Indian_Food_Research/datasets/CompressedDataset/Bhakri_thecha/Bhakri_thecha_049.jpg,7,Bhakri_thecha,eed77dd63c8fe86fa411f65dfbfbb0d0,False,kept (first copy)
346,/content/drive/MyDrive/Indian_Food_Research/datasets/CompressedDataset/Bhakri_thecha/Bhakri_thecha_050.jpg,7,Bhakri_thecha,eed77dd63c8fe86fa411f65dfbfbb0d0,True,exact duplicate (same class)
331,/content/drive/MyDrive/Indian_Food_Research/datasets/CompressedDataset/Bhakri_thecha/Bhakri_thecha_035.jpg,7,Bhakri_thecha,f04cb6247793a4b541c892a8886af316,False,kept (first copy)
332,/content/drive/MyDrive/Indian_Food_Research/datasets/CompressedDataset/Bhakri_thecha/Bhakri_thecha_036.jpg,7,Bhakri_thecha,f04cb6247793a4b541c892a8886af316,True,exact duplicate (same class)
3231,/content/drive/MyDrive/Indian_Food_Research/datasets/CompressedDataset/Pani_Puri/Pani_Puri_001.jpg,67,Pani_Puri,f295b6881ccc91457575a2651b9c3e0e,False,kept (first copy)
3240,/content/drive/MyDrive/Indian_Food_Research/datasets/CompressedDataset/Pani_Puri/Pani_Puri_010.jpg,67,Pani_Puri,f295b6881ccc91457575a2651b9c3e0e,True,exact duplicate (same class)
3652,/content/drive/MyDrive/Indian_Food_Research/datasets/CompressedDataset/Puran_Poli/Puran_Poli_047.jpg,76,Puran_Poli,f2e3168e73004ebfd6f51949656ece28,False,kept (first copy)
3653,/content/drive/MyDrive/Indian_Food_Research/datasets/CompressedDataset/Puran_Poli/Puran_Poli_048.jpg,76,Puran_Poli,f2e3168e73004ebfd6f51949656ece28,True,exact duplicate (same class)
1533,/content/drive/MyDrive/Indian_Food_Research/datasets/CompressedDataset/Fish_fry/Fish_fry_011.jpg,33,Fish_fry,f6265c6887574ee7bc12f4e6db470fa8,False,kept (first copy)
1534,/content/drive/MyDrive/Indian_Food_Research/datasets/CompressedDataset/Fish_fry/Fish_fry_012.jpg,33,Fish_fry,f6265c6887574ee7bc12f4e6db470fa8,True,exact duplicate (same class)
337,/content/drive/MyDrive/Indian_Food_Research/datasets/CompressedDataset/Bhakri_thecha/Bhakri_thecha_041.jpg,7,Bhakri_thecha,fb553c52b7f7c7743516f7a561d80343,False,kept (first copy)
338,/content/drive/MyDrive/Indian_Food_Research/datasets/CompressedDataset/Bhakri_thecha/Bhakri_thecha_042.jpg,7,Bhakri_thecha,fb553c52b7f7c7743516f7a561d80343,True,exact duplicate (same class)
642,/content/drive/MyDrive/Indian_Food_Research/datasets/CompressedDataset/Cauliflower_Sabji/Cauliflower_Sabji_035.jpg,13,Cauliflower_Sabji,fc329f55432a63ac9be286cefad21fbb,False,kept (first copy)
643,/content/drive/MyDrive/Indian_Food_Research/datasets/CompressedDataset/Cauliflower_Sabji/Cauliflower_Sabji_036.jpg,13,Cauliflower_Sabji,fc329f55432a63ac9be286cefad21fbb,True,exact duplicate (same class)
343,/content/drive/MyDrive/Indian_Food_Research/datasets/CompressedDataset/Bhakri_thecha/Bhakri_thecha_047.jpg,7,Bhakri_thecha,fcf95e4df06da5e6e967c2bdbf366312,False,kept (first copy)
344,/content/drive/MyDrive/Indian_Food_Research/datasets/CompressedDataset/Bhakri_thecha/Bhakri_thecha_048.jpg,7,Bhakri_thecha,fcf95e4df06da5e6e967c2bdbf366312,True,exact duplicate (same class)
