food101_label,food101_class,paired_indian_class,n_test,n_train,n_val
0,apple_pie,Kothimbir_Vadi,12,59,12
1,baby_back_ribs,Matar_Paneer,11,49,11
2,baklava,Dosa,10,50,10
3,beef_carpaccio,Malai_Peda,10,49,10
4,beef_tartare,Mathura_Peda,10,47,10
5,beet_salad,Motichoor_Laddu,10,47,10
6,beignets,Poha,10,47,10
7,bibimbap,Jalebi,10,46,10
8,bread_pudding,Milkcake,10,45,10
9,breakfast_burrito,Rava_Sheera,10,45,10
10,bruschetta,Rajbhog_Matho,10,44,10
11,caesar_salad,Chicken_curry,9,45,9
12,cannoli,Veg_Manchurian,9,43,9
13,caprese_salad,Chicken_bhuna_masala,9,42,9
14,carrot_cake,Rasgulla,9,42,9
15,ceviche,Bhindi_Sabji,9,41,9
16,cheese_plate,Pulao,9,41,9
17,cheesecake,Puran_Poli,9,41,9
18,chicken_curry,Vada_Sambhar,9,41,9
19,chicken_quesadilla,Brinjal_Curry,9,40,9
20,chicken_wings,Chicken_biryani,9,40,9
21,chocolate_cake,Samosa,9,40,9
22,chocolate_mousse,Palak_Paneer,9,39,9
23,churros,Uttapam,9,39,9
24,clam_chowder,Dhokla,8,39,8
25,club_sandwich,Mutton_curry,8,39,8
26,crab_cakes,Rasmalai,8,39,8
27,creme_brulee,Basundi,8,38,8
28,croque_madame,Cauliflower_Sabji,8,38,8
29,cup_cakes,Curd_rice,8,38,8
30,deviled_eggs,Methi_dry,8,38,8
31,donuts,Pudina_grilled_chicken,8,38,8
32,dumplings,Bombay_Halwa,8,37,8
33,edamame,Gulab_jamun,8,37,8
34,eggs_benedict,Palak_soup,8,37,8
35,escargots,Brinjal_dry,8,36,8
36,falafel,Mango_barfi,8,36,8
37,filet_mignon,Paneer_Broccoli_stir_fry,8,36,8
38,fish_and_chips,Veg_Lollipop,8,36,8
39,foie_gras,Chinese_rice,8,35,8
40,french_fries,Dhapata,8,35,8
41,french_onion_soup,Khichadi,8,35,8
42,french_toast,Kokam_Sharbat,8,35,8
43,fried_calamari,Masala_omelette,8,35,8
44,frozen_yogurt,Masala_rice,8,35,8
45,garlic_bread,Dhinkache_laddu,8,34,8
46,gnocchi,Methi_Curry,8,34,8
47,greek_salad,Mugachi_usal,8,34,8
48,grilled_cheese_sandwich,Pasta,8,34,8
49,grilled_salmon,Tondli_bhaji,8,34,8
50,guacamole,Upma,8,34,8
51,gyoza,Aloo_Paratha,7,35,7
52,hamburger,Corn_bhel,7,35,7
53,hot_and_sour_soup,Aloo_sabji,7,34,7
54,hot_dog,Egg_biryani,7,34,7
55,huevos_rancheros,Aalubhat,7,33,7
56,hummus,Fafda,7,33,7
57,ice_cream,Idli,7,33,7
58,lasagna,Khichu,7,33,7
59,lobster_bisque,Chicken_crispy,7,31,7
60,lobster_roll_sandwich,Shevga_bhaji,7,31,7
61,macaroni_and_cheese,Gajar_Halwa,7,30,7
62,macarons,Khandvi,7,30,7
63,miso_soup,Locho,7,30,7
64,mussels,Papdi,7,30,7
65,nachos,Fried_rice,6,30,6
66,omelette,Sev_Khamni,6,30,6
67,onion_rings,Bhakri_thecha,6,29,6
68,oysters,Methi_khakra,6,29,6
69,pad_thai,Methi_laddu,6,29,6
70,paella,Chicken_fry,6,26,6
71,pancakes,Cabbage_sabji,6,25,6
72,panna_cotta,Ghevar,6,25,6
73,peking_duck,Alu_vadi,5,25,5
74,pho,Chicken_tandoor,5,25,5
75,pizza,Appam,5,23,5
76,pork_chop,Fish_fry,5,23,5
77,poutine,Pumpkin_Puri,5,23,5
78,prime_rib,Pav_bhaji,5,21,5
79,pulled_pork_sandwich,Vadapav,4,20,4
80,ramen,Alfredo_Pasta,4,19,4
81,ravioli,Jamun_shrikhand,4,19,4
82,red_velvet_cake,Rasam_rice,4,19,4
83,risotto,Misal_pav,4,18,4
84,samosa,Tilgul,4,17,4
85,sashimi,Veg_fried_noodles,4,17,4
86,scallops,Chilli_chicken,3,17,3
87,seaweed_salad,Prawns_sabji,3,17,3
88,shrimp_and_grits,Veg_sandwich,3,15,3
89,spaghetti_bolognese,Solalu_biryani,3,12,3
90,spaghetti_carbonara,Sabudana_Usal,2,12,2
91,spring_rolls,Chicken_soup,2,11,2
92,steak,Strawberry_shrikhand,2,11,2
93,strawberry_shortcake,Dahi_Kadhi,2,9,2
94,sushi,Manchow_soup,2,8,2
95,tacos,Masala_oats,2,7,2
96,takoyaki,Egg_bhurji,1,7,1
97,tiramisu,Pani_Puri,1,7,1
98,tuna_tartare,Rava_barfi,1,7,1
99,waffles,Spicy_vatana,1,5,1
