group,idx,class,path
11,11,Aalubhat,/content/drive/MyDrive/Indian_Food_Research/datasets/CompressedDataset/Aalubhat/Aalubhat_012.jpg
11,25,Aalubhat,/content/drive/MyDrive/Indian_Food_Research/datasets/CompressedDataset/Aalubhat/Aalubhat_026.jpg
39,39,Aalubhat,/content/drive/MyDrive/Indian_Food_Research/datasets/CompressedDataset/Aalubhat/Aalubhat_040.jpg
39,40,Aalubhat,/content/drive/MyDrive/Indian_Food_Research/datasets/CompressedDataset/Aalubhat/Aalubhat_041.jpg
42,42,Aalubhat,/content/drive/MyDrive/Indian_Food_Research/datasets/CompressedDataset/Aalubhat/Aalubhat_043.jpg
42,43,Aalubhat,/content/drive/MyDrive/Indian_Food_Research/datasets/CompressedDataset/Aalubhat/Aalubhat_044.jpg
71,71,Alfredo_Pasta,/content/drive/MyDrive/Indian_Food_Research/datasets/CompressedDataset/Alfredo_Pasta/Alfredo_Pasta_025.jpg
71,72,Alfredo_Pasta,/content/drive/MyDrive/Indian_Food_Research/datasets/CompressedDataset/Alfredo_Pasta/Alfredo_Pasta_026.jpg
73,73,Alfredo_Pasta,/content/drive/MyDrive/Indian_Food_Research/datasets/CompressedDataset/Alfredo_Pasta/Alfredo_Pasta_027.jpg
73,75,Alfredo_Pasta,/content/drive/MyDrive/Indian_Food_Research/datasets/CompressedDataset/Alfredo_Pasta/Alfredo_Pasta_029.jpg
88,88,Aloo_Paratha,/content/drive/MyDrive/Indian_Food_Research/datasets/CompressedDataset/Aloo_Paratha/Aloo_paratha_013.jpg
88,89,Aloo_Paratha,/content/drive/MyDrive/Indian_Food_Research/datasets/CompressedDataset/Aloo_Paratha/Aloo_paratha_014.jpg
90,90,Aloo_Paratha,/content/drive/MyDrive/Indian_Food_Research/datasets/CompressedDataset/Aloo_Paratha/Aloo_paratha_015.jpg
90,91,Aloo_Paratha,/content/drive/MyDrive/Indian_Food_Research/datasets/CompressedDataset/Aloo_Paratha/Aloo_paratha_016.jpg
94,93,Aloo_Paratha,/content/drive/MyDrive/Indian_Food_Research/datasets/CompressedDataset/Aloo_Paratha/Aloo_paratha_018.jpg
94,94,Aloo_Paratha,/content/drive/MyDrive/Indian_Food_Research/datasets/CompressedDataset/Aloo_Paratha/Aloo_paratha_019.jpg
94,96,Aloo_Paratha,/content/drive/MyDrive/Indian_Food_Research/datasets/CompressedDataset/Aloo_Paratha/Aloo_paratha_021.jpg
94,97,Aloo_Paratha,/content/drive/MyDrive/Indian_Food_Research/datasets/CompressedDataset/Aloo_Paratha/Aloo_paratha_022.jpg
94,105,Aloo_Paratha,/content/drive/MyDrive/Indian_Food_Research/datasets/CompressedDataset/Aloo_Paratha/Aloo_paratha_030.jpg
94,106,Aloo_Paratha,/content/drive/MyDrive/Indian_Food_Research/datasets/CompressedDataset/Aloo_Paratha/Aloo_paratha_031.jpg
94,107,Aloo_Paratha,/content/drive/MyDrive/Indian_Food_Research/datasets/CompressedDataset/Aloo_Paratha/Aloo_paratha_032.jpg
94,114,Aloo_Paratha,/content/drive/MyDrive/Indian_Food_Research/datasets/CompressedDataset/Aloo_Paratha/Aloo_paratha_039.jpg
94,115,Aloo_Paratha,/content/drive/MyDrive/Indian_Food_Research/datasets/CompressedDataset/Aloo_Paratha/Aloo_paratha_040.jpg
98,98,Aloo_Paratha,/content/drive/MyDrive/Indian_Food_Research/datasets/CompressedDataset/Aloo_Paratha/Aloo_paratha_023.jpg
98,104,Aloo_Paratha,/content/drive/MyDrive/Indian_Food_Research/datasets/CompressedDataset/Aloo_Paratha/Aloo_paratha_029.jpg
117,117,Aloo_Paratha,/content/drive/MyDrive/Indian_Food_Research/datasets/CompressedDataset/Aloo_Paratha/Aloo_paratha_042.jpg
117,118,Aloo_Paratha,/content/drive/MyDrive/Indian_Food_Research/datasets/CompressedDataset/Aloo_Paratha/Aloo_paratha_043.jpg
257,257,Basundi,/content/drive/MyDrive/Indian_Food_Research/datasets/CompressedDataset/Basundi/Basundi_016.jpg
257,260,Basundi,/content/drive/MyDrive/Indian_Food_Research/datasets/CompressedDataset/Basundi/Basundi_019.jpg
345,345,Bhakri_thecha,/content/drive/MyDrive/Indian_Food_Research/datasets/CompressedDataset/Bhakri_thecha/Bhakri_thecha_049.jpg
345,347,Bhakri_thecha,/content/drive/MyDrive/Indian_Food_Research/datasets/CompressedDataset/Bhakri_thecha/Bhakri_thecha_051.jpg
367,367,Bhindi_Sabji,/content/drive/MyDrive/Indian_Food_Research/datasets/CompressedDataset/Bhindi_Sabji/Bhindi_Sabji_019.jpg
367,368,Bhindi_Sabji,/content/drive/MyDrive/Indian_Food_Research/datasets/CompressedDataset/Bhindi_Sabji/Bhindi_Sabji_020.jpg
621,621,Cauliflower_Sabji,/content/drive/MyDrive/Indian_Food_Research/datasets/CompressedDataset/Cauliflower_Sabji/Cauliflower_Sabji_014.jpg
621,622,Cauliflower_Sabji,/content/drive/MyDrive/Indian_Food_Research/datasets/CompressedDataset/Cauliflower_Sabji/Cauliflower_Sabji_015.jpg
621,623,Cauliflower_Sabji,/content/drive/MyDrive/Indian_Food_Research/datasets/CompressedDataset/Cauliflower_Sabji/Cauliflower_Sabji_016.jpg
626,626,Cauliflower_Sabji,/content/drive/MyDrive/Indian_Food_Research/datasets/CompressedDataset/Cauliflower_Sabji/Cauliflower_Sabji_019.jpg
626,627,Cauliflower_Sabji,/content/drive/MyDrive/Indian_Food_Research/datasets/CompressedDataset/Cauliflower_Sabji/Cauliflower_Sabji_020.jpg
632,632,Cauliflower_Sabji,/content/drive/MyDrive/Indian_Food_Research/datasets/CompressedDataset/Cauliflower_Sabji/Cauliflower_Sabji_025.jpg
632,634,Cauliflower_Sabji,/content/drive/MyDrive/Indian_Food_Research/datasets/CompressedDataset/Cauliflower_Sabji/Cauliflower_Sabji_027.jpg
688,688,Chicken_bhuna_masala,/content/drive/MyDrive/Indian_Food_Research/datasets/CompressedDataset/Chicken_bhuna_masala/Chicken_bhuna_masala_017.jpg
688,695,Chicken_bhuna_masala,/content/drive/MyDrive/Indian_Food_Research/datasets/CompressedDataset/Chicken_bhuna_masala/Chicken_bhuna_masala_024.jpg
690,690,Chicken_bhuna_masala,/content/drive/MyDrive/Indian_Food_Research/datasets/CompressedDataset/Chicken_bhuna_masala/Chicken_bhuna_masala_019.jpg
690,698,Chicken_bhuna_masala,/content/drive/MyDrive/Indian_Food_Research/datasets/CompressedDataset/Chicken_bhuna_masala/Chicken_bhuna_masala_027.jpg
691,691,Chicken_bhuna_masala,/content/drive/MyDrive/Indian_Food_Research/datasets/CompressedDataset/Chicken_bhuna_masala/Chicken_bhuna_masala_020.jpg
691,703,Chicken_bhuna_masala,/content/drive/MyDrive/Indian_Food_Research/datasets/CompressedDataset/Chicken_bhuna_masala/Chicken_bhuna_masala_032.jpg
692,692,Chicken_bhuna_masala,/content/drive/MyDrive/Indian_Food_Research/datasets/CompressedDataset/Chicken_bhuna_masala/Chicken_bhuna_masala_021.jpg
692,704,Chicken_bhuna_masala,/content/drive/MyDrive/Indian_Food_Research/datasets/CompressedDataset/Chicken_bhuna_masala/Chicken_bhuna_masala_033.jpg
693,693,Chicken_bhuna_masala,/content/drive/MyDrive/Indian_Food_Research/datasets/CompressedDataset/Chicken_bhuna_masala/Chicken_bhuna_masala_022.jpg
693,705,Chicken_bhuna_masala,/content/drive/MyDrive/Indian_Food_Research/datasets/CompressedDataset/Chicken_bhuna_masala/Chicken_bhuna_masala_034.jpg
706,706,Chicken_bhuna_masala,/content/drive/MyDrive/Indian_Food_Research/datasets/CompressedDataset/Chicken_bhuna_masala/Chicken_bhuna_masala_035.jpg
706,707,Chicken_bhuna_masala,/content/drive/MyDrive/Indian_Food_Research/datasets/CompressedDataset/Chicken_bhuna_masala/Chicken_bhuna_masala_036.jpg
708,708,Chicken_bhuna_masala,/content/drive/MyDrive/Indian_Food_Research/datasets/CompressedDataset/Chicken_bhuna_masala/Chicken_bhuna_masala_037.jpg
708,709,Chicken_bhuna_masala,/content/drive/MyDrive/Indian_Food_Research/datasets/CompressedDataset/Chicken_bhuna_masala/Chicken_bhuna_masala_038.jpg
710,710,Chicken_bhuna_masala,/content/drive/MyDrive/Indian_Food_Research/datasets/CompressedDataset/Chicken_bhuna_masala/Chicken_bhuna_masala_039.jpg
710,711,Chicken_bhuna_masala,/content/drive/MyDrive/Indian_Food_Research/datasets/CompressedDataset/Chicken_bhuna_masala/Chicken_bhuna_masala_040.jpg
712,712,Chicken_bhuna_masala,/content/drive/MyDrive/Indian_Food_Research/datasets/CompressedDataset/Chicken_bhuna_masala/Chicken_bhuna_masala_041.jpg
712,717,Chicken_bhuna_masala,/content/drive/MyDrive/Indian_Food_Research/datasets/CompressedDataset/Chicken_bhuna_masala/Chicken_bhuna_masala_046.jpg
713,713,Chicken_bhuna_masala,/content/drive/MyDrive/Indian_Food_Research/datasets/CompressedDataset/Chicken_bhuna_masala/Chicken_bhuna_masala_042.jpg
713,719,Chicken_bhuna_masala,/content/drive/MyDrive/Indian_Food_Research/datasets/CompressedDataset/Chicken_bhuna_masala/Chicken_bhuna_masala_048.jpg
714,714,Chicken_bhuna_masala,/content/drive/MyDrive/Indian_Food_Research/datasets/CompressedDataset/Chicken_bhuna_masala/Chicken_bhuna_masala_043.jpg
714,720,Chicken_bhuna_masala,/content/drive/MyDrive/Indian_Food_Research/datasets/CompressedDataset/Chicken_bhuna_masala/Chicken_bhuna_masala_049.jpg
715,715,Chicken_bhuna_masala,/content/drive/MyDrive/Indian_Food_Research/datasets/CompressedDataset/Chicken_bhuna_masala/Chicken_bhuna_masala_044.jpg
715,722,Chicken_bhuna_masala,/content/drive/MyDrive/Indian_Food_Research/datasets/CompressedDataset/Chicken_bhuna_masala/Chicken_bhuna_masala_051.jpg
716,716,Chicken_bhuna_masala,/content/drive/MyDrive/Indian_Food_Research/datasets/CompressedDataset/Chicken_bhuna_masala/Chicken_bhuna_masala_045.jpg
716,726,Chicken_bhuna_masala,/content/drive/MyDrive/Indian_Food_Research/datasets/CompressedDataset/Chicken_bhuna_masala/Chicken_bhuna_masala_055.jpg
818,818,Chicken_crispy,/content/drive/MyDrive/Indian_Food_Research/datasets/CompressedDataset/Chicken_crispy/Chicken_crispy_028.jpg
818,819,Chicken_crispy,/content/drive/MyDrive/Indian_Food_Research/datasets/CompressedDataset/Chicken_crispy/Chicken_crispy_029.jpg
818,821,Chicken_crispy,/content/drive/MyDrive/Indian_Food_Research/datasets/CompressedDataset/Chicken_crispy/Chicken_crispy_031.jpg
836,836,Chicken_crispy,/content/drive/MyDrive/Indian_Food_Research/datasets/CompressedDataset/Chicken_crispy/Chicken_crispy_046.jpg
836,838,Chicken_crispy,/content/drive/MyDrive/Indian_Food_Research/datasets/CompressedDataset/Chicken_crispy/Chicken_crispy_048.jpg
1022,1022,Chinese_rice,/content/drive/MyDrive/Indian_Food_Research/datasets/CompressedDataset/Chinese_rice/Chinese_rice_001.jpg
1022,1061,Chinese_rice,/content/drive/MyDrive/Indian_Food_Research/datasets/CompressedDataset/Chinese_rice/Chinese_rice_040.jpg
1025,1025,Chinese_rice,/content/drive/MyDrive/Indian_Food_Research/datasets/CompressedDataset/Chinese_rice/Chinese_rice_004.jpg
1025,1036,Chinese_rice,/content/drive/MyDrive/Indian_Food_Research/datasets/CompressedDataset/Chinese_rice/Chinese_rice_015.jpg
1026,1026,Chinese_rice,/content/drive/MyDrive/Indian_Food_Research/datasets/CompressedDataset/Chinese_rice/Chinese_rice_005.jpg
1026,1035,Chinese_rice,/content/drive/MyDrive/Indian_Food_Research/datasets/CompressedDataset/Chinese_rice/Chinese_rice_014.jpg
1027,1027,Chinese_rice,/content/drive/MyDrive/Indian_Food_Research/datasets/CompressedDataset/Chinese_rice/Chinese_rice_006.jpg
1027,1049,Chinese_rice,/content/drive/MyDrive/Indian_Food_Research/datasets/CompressedDataset/Chinese_rice/Chinese_rice_028.jpg
1031,1031,Chinese_rice,/content/drive/MyDrive/Indian_Food_Research/datasets/CompressedDataset/Chinese_rice/Chinese_rice_010.jpg
1031,1045,Chinese_rice,/content/drive/MyDrive/Indian_Food_Research/datasets/CompressedDataset/Chinese_rice/Chinese_rice_024.jpg
1041,1041,Chinese_rice,/content/drive/MyDrive/Indian_Food_Research/datasets/CompressedDataset/Chinese_rice/Chinese_rice_020.jpg
1041,1060,Chinese_rice,/content/drive/MyDrive/Indian_Food_Research/datasets/CompressedDataset/Chinese_rice/Chinese_rice_039.jpg
1064,1064,Chinese_rice,/content/drive/MyDrive/Indian_Food_Research/datasets/CompressedDataset/Chinese_rice/Chinese_rice_043.jpg
1064,1065,Chinese_rice,/content/drive/MyDrive/Indian_Food_Research/datasets/CompressedDataset/Chinese_rice/Chinese_rice_044.jpg
1067,1023,Chinese_rice,/content/drive/MyDrive/Indian_Food_Research/datasets/CompressedDataset/Chinese_rice/Chinese_rice_002.jpg
1067,1024,Chinese_rice,/content/drive/MyDrive/Indian_Food_Research/datasets/CompressedDataset/Chinese_rice/Chinese_rice_003.jpg
1067,1029,Chinese_rice,/content/drive/MyDrive/Indian_Food_Research/datasets/CompressedDataset/Chinese_rice/Chinese_rice_008.jpg
1067,1030,Chinese_rice,/content/drive/MyDrive/Indian_Food_Research/datasets/CompressedDataset/Chinese_rice/Chinese_rice_009.jpg
1067,1034,Chinese_rice,/content/drive/MyDrive/Indian_Food_Research/datasets/CompressedDataset/Chinese_rice/Chinese_rice_013.jpg
1067,1038,Chinese_rice,/content/drive/MyDrive/Indian_Food_Research/datasets/CompressedDataset/Chinese_rice/Chinese_rice_017.jpg
1067,1039,Chinese_rice,/content/drive/MyDrive/Indian_Food_Research/datasets/CompressedDataset/Chinese_rice/Chinese_rice_018.jpg
1067,1046,Chinese_rice,/content/drive/MyDrive/Indian_Food_Research/datasets/CompressedDataset/Chinese_rice/Chinese_rice_025.jpg
1067,1047,Chinese_rice,/content/drive/MyDrive/Indian_Food_Research/datasets/CompressedDataset/Chinese_rice/Chinese_rice_026.jpg
1067,1048,Chinese_rice,/content/drive/MyDrive/Indian_Food_Research/datasets/CompressedDataset/Chinese_rice/Chinese_rice_027.jpg
1067,1052,Chinese_rice,/content/drive/MyDrive/Indian_Food_Research/datasets/CompressedDataset/Chinese_rice/Chinese_rice_031.jpg
1067,1062,Chinese_rice,/content/drive/MyDrive/Indian_Food_Research/datasets/CompressedDataset/Chinese_rice/Chinese_rice_041.jpg
1067,1063,Chinese_rice,/content/drive/MyDrive/Indian_Food_Research/datasets/CompressedDataset/Chinese_rice/Chinese_rice_042.jpg
1067,1067,Chinese_rice,/content/drive/MyDrive/Indian_Food_Research/datasets/CompressedDataset/Chinese_rice/Chinese_rice_046.jpg
1067,1068,Chinese_rice,/content/drive/MyDrive/Indian_Food_Research/datasets/CompressedDataset/Chinese_rice/Chinese_rice_047.jpg
1067,1069,Chinese_rice,/content/drive/MyDrive/Indian_Food_Research/datasets/CompressedDataset/Chinese_rice/Chinese_rice_048.jpg
1067,1072,Chinese_rice,/content/drive/MyDrive/Indian_Food_Research/datasets/CompressedDataset/Chinese_rice/Chinese_rice_051.jpg
1093,1093,Corn_bhel,/content/drive/MyDrive/Indian_Food_Research/datasets/CompressedDataset/Corn_bhel/Corn_bhel_021.jpg
1093,1094,Corn_bhel,/content/drive/MyDrive/Indian_Food_Research/datasets/CompressedDataset/Corn_bhel/Corn_bhel_022.jpg
1093,1095,Corn_bhel,/content/drive/MyDrive/Indian_Food_Research/datasets/CompressedDataset/Corn_bhel/Corn_bhel_023.jpg
1192,1192,Dhapata,/content/drive/MyDrive/Indian_Food_Research/datasets/CompressedDataset/Dhapata/Dhapata_002.jpg
1192,1193,Dhapata,/content/drive/MyDrive/Indian_Food_Research/datasets/CompressedDataset/Dhapata/Dhapata_003.jpg
1192,1202,Dhapata,/content/drive/MyDrive/Indian_Food_Research/datasets/CompressedDataset/Dhapata/Dhapata_012.jpg
1215,1215,Dhapata,/content/drive/MyDrive/Indian_Food_Research/datasets/CompressedDataset/Dhapata/Dhapata_025.jpg
1215,1230,Dhapata,/content/drive/MyDrive/Indian_Food_Research/datasets/CompressedDataset/Dhapata/Dhapata_040.jpg
1216,1216,Dhapata,/content/drive/MyDrive/Indian_Food_Research/datasets/CompressedDataset/Dhapata/Dhapata_026.jpg
1216,1231,Dhapata,/content/drive/MyDrive/Indian_Food_Research/datasets/CompressedDataset/Dhapata/Dhapata_041.jpg
1218,1218,Dhapata,/content/drive/MyDrive/Indian_Food_Research/datasets/CompressedDataset/Dhapata/Dhapata_028.jpg
1218,1233,Dhapata,/content/drive/MyDrive/Indian_Food_Research/datasets/CompressedDataset/Dhapata/Dhapata_043.jpg
1348,1348,Dosa,/content/drive/MyDrive/Indian_Food_Research/datasets/CompressedDataset/Dosa/Dosa_002.jpg
1348,1349,Dosa,/content/drive/MyDrive/Indian_Food_Research/datasets/CompressedDataset/Dosa/Dosa_003.jpg
1348,1350,Dosa,/content/drive/MyDrive/Indian_Food_Research/datasets/CompressedDataset/Dosa/Dosa_004.jpg
1360,1360,Dosa,/content/drive/MyDrive/Indian_Food_Research/datasets/CompressedDataset/Dosa/Dosa_014.jpg
1360,1361,Dosa,/content/drive/MyDrive/Indian_Food_Research/datasets/CompressedDataset/Dosa/Dosa_015.jpg
1380,1380,Dosa,/content/drive/MyDrive/Indian_Food_Research/datasets/CompressedDataset/Dosa/Dosa_035.jpg
1380,1395,Dosa,/content/drive/MyDrive/Indian_Food_Research/datasets/CompressedDataset/Dosa/Dosa_050.jpg
1402,1366,Dosa,/content/drive/MyDrive/Indian_Food_Research/datasets/CompressedDataset/Dosa/Dosa_020.jpg
1402,1402,Dosa,/content/drive/MyDrive/Indian_Food_Research/datasets/CompressedDataset/Dosa/Dosa_057.jpg
1402,1403,Dosa,/content/drive/MyDrive/Indian_Food_Research/datasets/CompressedDataset/Dosa/Dosa_058.jpg
1402,1404,Dosa,/content/drive/MyDrive/Indian_Food_Research/datasets/CompressedDataset/Dosa/Dosa_059.jpg
1563,1563,Fried_rice,/content/drive/MyDrive/Indian_Food_Research/datasets/CompressedDataset/Fried_rice/Fried_rice_007.jpg
1563,3568,Pulao,/content/drive/MyDrive/Indian_Food_Research/datasets/CompressedDataset/Pulao/Pulao_056.jpg
1587,1587,Fried_rice,/content/drive/MyDrive/Indian_Food_Research/datasets/CompressedDataset/Fried_rice/Fried_rice_031.jpg
1587,1589,Fried_rice,/content/drive/MyDrive/Indian_Food_Research/datasets/CompressedDataset/Fried_rice/Fried_rice_033.jpg
1627,1627,Gajar_Halwa,/content/drive/MyDrive/Indian_Food_Research/datasets/CompressedDataset/Gajar_Halwa/Gajar_Halwa_029.jpg
1627,1628,Gajar_Halwa,/content/drive/MyDrive/Indian_Food_Research/datasets/CompressedDataset/Gajar_Halwa/Gajar_Halwa_030.jpg
1712,1712,Gulab_jamun,/content/drive/MyDrive/Indian_Food_Research/datasets/CompressedDataset/Gulab_jamun/Gulab_jamun_027.jpg
1712,1713,Gulab_jamun,/content/drive/MyDrive/Indian_Food_Research/datasets/CompressedDataset/Gulab_jamun/Gulab_jamun_028.jpg
1714,1714,Gulab_jamun,/content/drive/MyDrive/Indian_Food_Research/datasets/CompressedDataset/Gulab_jamun/Gulab_jamun_029.jpg
1714,1715,Gulab_jamun,/content/drive/MyDrive/Indian_Food_Research/datasets/CompressedDataset/Gulab_jamun/Gulab_jamun_030.jpg
1718,1718,Gulab_jamun,/content/drive/MyDrive/Indian_Food_Research/datasets/CompressedDataset/Gulab_jamun/Gulab_jamun_033.jpg
1718,1719,Gulab_jamun,/content/drive/MyDrive/Indian_Food_Research/datasets/CompressedDataset/Gulab_jamun/Gulab_jamun_034.jpg
1723,1711,Gulab_jamun,/content/drive/MyDrive/Indian_Food_Research/datasets/CompressedDataset/Gulab_jamun/Gulab_jamun_026.jpg
1723,1716,Gulab_jamun,/content/drive/MyDrive/Indian_Food_Research/datasets/CompressedDataset/Gulab_jamun/Gulab_jamun_031.jpg
1723,1723,Gulab_jamun,/content/drive/MyDrive/Indian_Food_Research/datasets/CompressedDataset/Gulab_jamun/Gulab_jamun_038.jpg
1723,1724,Gulab_jamun,/content/drive/MyDrive/Indian_Food_Research/datasets/CompressedDataset/Gulab_jamun/Gulab_jamun_039.jpg
1726,1726,Gulab_jamun,/content/drive/MyDrive/Indian_Food_Research/datasets/CompressedDataset/Gulab_jamun/Gulab_jamun_041.jpg
1726,1727,Gulab_jamun,/content/drive/MyDrive/Indian_Food_Research/datasets/CompressedDataset/Gulab_jamun/Gulab_jamun_042.jpg
1739,1739,Idli,/content/drive/MyDrive/Indian_Food_Research/datasets/CompressedDataset/Idli/Idli_001.jpg
1739,1751,Idli,/content/drive/MyDrive/Indian_Food_Research/datasets/CompressedDataset/Idli/Idli_014.jpg
1757,1757,Idli,/content/drive/MyDrive/Indian_Food_Research/datasets/CompressedDataset/Idli/Idli_020.jpg
1757,1760,Idli,/content/drive/MyDrive/Indian_Food_Research/datasets/CompressedDataset/Idli/Idli_023.jpg
1769,1767,Idli,/content/drive/MyDrive/Indian_Food_Research/datasets/CompressedDataset/Idli/Idli_030(1).jpg
1769,1769,Idli,/content/drive/MyDrive/Indian_Food_Research/datasets/CompressedDataset/Idli/Idli_031.jpg
1769,1770,Idli,/content/drive/MyDrive/Indian_Food_Research/datasets/CompressedDataset/Idli/Idli_032.jpg
1769,1772,Idli,/content/drive/MyDrive/Indian_Food_Research/datasets/CompressedDataset/Idli/Idli_034.jpg
1769,1773,Idli,/content/drive/MyDrive/Indian_Food_Research/datasets/CompressedDataset/Idli/Idli_035.jpg
1769,1774,Idli,/content/drive/MyDrive/Indian_Food_Research/datasets/CompressedDataset/Idli/Idli_036.jpg
1769,1776,Idli,/content/drive/MyDrive/Indian_Food_Research/datasets/CompressedDataset/Idli/Idli_038.jpg
1769,1782,Idli,/content/drive/MyDrive/Indian_Food_Research/datasets/CompressedDataset/Idli/Idli_044.jpg
1769,1783,Idli,/content/drive/MyDrive/Indian_Food_Research/datasets/CompressedDataset/Idli/Idli_045.jpg
1769,1784,Idli,/content/drive/MyDrive/Indian_Food_Research/datasets/CompressedDataset/Idli/Idli_046.jpg
1769,1785,Idli,/content/drive/MyDrive/Indian_Food_Research/datasets/CompressedDataset/Idli/Idli_047.jpg
1777,1777,Idli,/content/drive/MyDrive/Indian_Food_Research/datasets/CompressedDataset/Idli/Idli_039.jpg
1777,1778,Idli,/content/drive/MyDrive/Indian_Food_Research/datasets/CompressedDataset/Idli/Idli_040.jpg
1854,1854,Jamun_shrikhand,/content/drive/MyDrive/Indian_Food_Research/datasets/CompressedDataset/Jamun_shrikhand/Jamun_shrikhand_001.jpg
1854,1856,Jamun_shrikhand,/content/drive/MyDrive/Indian_Food_Research/datasets/CompressedDataset/Jamun_shrikhand/Jamun_shrikhand_003.jpg
1865,1865,Jamun_shrikhand,/content/drive/MyDrive/Indian_Food_Research/datasets/CompressedDataset/Jamun_shrikhand/Jamun_shrikhand_012.jpg
1865,1866,Jamun_shrikhand,/content/drive/MyDrive/Indian_Food_Research/datasets/CompressedDataset/Jamun_shrikhand/Jamun_shrikhand_013.jpg
1865,1871,Jamun_shrikhand,/content/drive/MyDrive/Indian_Food_Research/datasets/CompressedDataset/Jamun_shrikhand/Jamun_shrikhand_018.jpg
1958,1958,Khichadi,/content/drive/MyDrive/Indian_Food_Research/datasets/CompressedDataset/Khichadi/Khichadi_034.jpg
1958,1961,Khichadi,/content/drive/MyDrive/Indian_Food_Research/datasets/CompressedDataset/Khichadi/Khichadi_037.jpg
1966,1966,Khichadi,/content/drive/MyDrive/Indian_Food_Research/datasets/CompressedDataset/Khichadi/Khichadi_042.jpg
1966,1967,Khichadi,/content/drive/MyDrive/Indian_Food_Research/datasets/CompressedDataset/Khichadi/Khichadi_043.jpg
2222,2222,Malai_Peda,/content/drive/MyDrive/Indian_Food_Research/datasets/CompressedDataset/Malai_Peda/Malai_Peda_021.jpg
2222,2224,Malai_Peda,/content/drive/MyDrive/Indian_Food_Research/datasets/CompressedDataset/Malai_Peda/Malai_Peda_023.jpg
2237,2237,Malai_Peda,/content/drive/MyDrive/Indian_Food_Research/datasets/CompressedDataset/Malai_Peda/Malai_Peda_036.jpg
2237,2558,Mathura_Peda,/content/drive/MyDrive/Indian_Food_Research/datasets/CompressedDataset/Mathura_Peda/Mathura_Peda_039.jpg
2253,2253,Malai_Peda,/content/drive/MyDrive/Indian_Food_Research/datasets/CompressedDataset/Malai_Peda/Malai_Peda_052.jpg
2253,2262,Malai_Peda,/content/drive/MyDrive/Indian_Food_Research/datasets/CompressedDataset/Malai_Peda/Malai_Peda_061.jpg
2254,2254,Malai_Peda,/content/drive/MyDrive/Indian_Food_Research/datasets/CompressedDataset/Malai_Peda/Malai_Peda_053.jpg
2254,2261,Malai_Peda,/content/drive/MyDrive/Indian_Food_Research/datasets/CompressedDataset/Malai_Peda/Malai_Peda_060.jpg
2275,2275,Manchow_soup,/content/drive/MyDrive/Indian_Food_Research/datasets/CompressedDataset/Manchow_soup/Manchow_soup_005.jpg
2275,2276,Manchow_soup,/content/drive/MyDrive/Indian_Food_Research/datasets/CompressedDataset/Manchow_soup/Manchow_soup_006.jpg
2363,2363,Masala_omelette,/content/drive/MyDrive/Indian_Food_Research/datasets/CompressedDataset/Masala_omelette/Masala_omelette_018.jpg
2363,2364,Masala_omelette,/content/drive/MyDrive/Indian_Food_Research/datasets/CompressedDataset/Masala_omelette/Masala_omelette_019.jpg
2415,2415,Masala_rice,/content/drive/MyDrive/Indian_Food_Research/datasets/CompressedDataset/Masala_rice/Masala_Rice_019.jpg
2415,2425,Masala_rice,/content/drive/MyDrive/Indian_Food_Research/datasets/CompressedDataset/Masala_rice/Masala_Rice_029.jpg
2540,2538,Mathura_Peda,/content/drive/MyDrive/Indian_Food_Research/datasets/CompressedDataset/Mathura_Peda/Mathura_Peda_019.jpg
2540,2540,Mathura_Peda,/content/drive/MyDrive/Indian_Food_Research/datasets/CompressedDataset/Mathura_Peda/Mathura_Peda_021.jpg
2540,2542,Mathura_Peda,/content/drive/MyDrive/Indian_Food_Research/datasets/CompressedDataset/Mathura_Peda/Mathura_Peda_023.jpg
2540,2544,Mathura_Peda,/content/drive/MyDrive/Indian_Food_Research/datasets/CompressedDataset/Mathura_Peda/Mathura_Peda_025.jpg
2541,2541,Mathura_Peda,/content/drive/MyDrive/Indian_Food_Research/datasets/CompressedDataset/Mathura_Peda/Mathura_Peda_022.jpg
2541,2545,Mathura_Peda,/content/drive/MyDrive/Indian_Food_Research/datasets/CompressedDataset/Mathura_Peda/Mathura_Peda_026.jpg
2553,2553,Mathura_Peda,/content/drive/MyDrive/Indian_Food_Research/datasets/CompressedDataset/Mathura_Peda/Mathura_Peda_034.jpg
2553,2557,Mathura_Peda,/content/drive/MyDrive/Indian_Food_Research/datasets/CompressedDataset/Mathura_Peda/Mathura_Peda_038.jpg
2554,2554,Mathura_Peda,/content/drive/MyDrive/Indian_Food_Research/datasets/CompressedDataset/Mathura_Peda/Mathura_Peda_035.jpg
2554,2559,Mathura_Peda,/content/drive/MyDrive/Indian_Food_Research/datasets/CompressedDataset/Mathura_Peda/Mathura_Peda_040.jpg
2592,2592,Methi_Curry,/content/drive/MyDrive/Indian_Food_Research/datasets/CompressedDataset/Methi_Curry/Methi_Curry_005.jpg
2592,2628,Methi_Curry,/content/drive/MyDrive/Indian_Food_Research/datasets/CompressedDataset/Methi_Curry/Methi_Curry_041.jpg
2594,2594,Methi_Curry,/content/drive/MyDrive/Indian_Food_Research/datasets/CompressedDataset/Methi_Curry/Methi_Curry_007.jpg
2594,2600,Methi_Curry,/content/drive/MyDrive/Indian_Food_Research/datasets/CompressedDataset/Methi_Curry/Methi_Curry_013.jpg
2602,2602,Methi_Curry,/content/drive/MyDrive/Indian_Food_Research/datasets/CompressedDataset/Methi_Curry/Methi_Curry_015.jpg
2602,2623,Methi_Curry,/content/drive/MyDrive/Indian_Food_Research/datasets/CompressedDataset/Methi_Curry/Methi_Curry_036.jpg
2607,2607,Methi_Curry,/content/drive/MyDrive/Indian_Food_Research/datasets/CompressedDataset/Methi_Curry/Methi_Curry_020.jpg
2607,2613,Methi_Curry,/content/drive/MyDrive/Indian_Food_Research/datasets/CompressedDataset/Methi_Curry/Methi_Curry_026.jpg
2610,2605,Methi_Curry,/content/drive/MyDrive/Indian_Food_Research/datasets/CompressedDataset/Methi_Curry/Methi_Curry_018.jpg
2610,2610,Methi_Curry,/content/drive/MyDrive/Indian_Food_Research/datasets/CompressedDataset/Methi_Curry/Methi_Curry_023.jpg
2610,2611,Methi_Curry,/content/drive/MyDrive/Indian_Food_Research/datasets/CompressedDataset/Methi_Curry/Methi_Curry_024.jpg
2610,2618,Methi_Curry,/content/drive/MyDrive/Indian_Food_Research/datasets/CompressedDataset/Methi_Curry/Methi_Curry_031.jpg
2612,2612,Methi_Curry,/content/drive/MyDrive/Indian_Food_Research/datasets/CompressedDataset/Methi_Curry/Methi_Curry_025.jpg
2612,2619,Methi_Curry,/content/drive/MyDrive/Indian_Food_Research/datasets/CompressedDataset/Methi_Curry/Methi_Curry_032.jpg
2615,2615,Methi_Curry,/content/drive/MyDrive/Indian_Food_Research/datasets/CompressedDataset/Methi_Curry/Methi_Curry_028.jpg
2615,2621,Methi_Curry,/content/drive/MyDrive/Indian_Food_Research/datasets/CompressedDataset/Methi_Curry/Methi_Curry_034.jpg
2653,2651,Methi_dry,/content/drive/MyDrive/Indian_Food_Research/datasets/CompressedDataset/Methi_dry/Methi_dry_014.jpg
2653,2653,Methi_dry,/content/drive/MyDrive/Indian_Food_Research/datasets/CompressedDataset/Methi_dry/Methi_dry_016.jpg
2653,2655,Methi_dry,/content/drive/MyDrive/Indian_Food_Research/datasets/CompressedDataset/Methi_dry/Methi_dry_018.jpg
2667,2667,Methi_dry,/content/drive/MyDrive/Indian_Food_Research/datasets/CompressedDataset/Methi_dry/Methi_dry_030.jpg
2667,2671,Methi_dry,/content/drive/MyDrive/Indian_Food_Research/datasets/CompressedDataset/Methi_dry/Methi_dry_034.jpg
2714,2714,Methi_dry,/content/drive/MyDrive/Indian_Food_Research/datasets/CompressedDataset/Methi_dry/Methi_dry_077.jpg
2714,2715,Methi_dry,/content/drive/MyDrive/Indian_Food_Research/datasets/CompressedDataset/Methi_dry/Methi_dry_078.jpg
2721,2721,Methi_khakra,/content/drive/MyDrive/Indian_Food_Research/datasets/CompressedDataset/Methi_khakra/Methi_khakra_002.jpg
2721,2722,Methi_khakra,/content/drive/MyDrive/Indian_Food_Research/datasets/CompressedDataset/Methi_khakra/Methi_khakra_003.jpg
2761,2761,Methi_laddu,/content/drive/MyDrive/Indian_Food_Research/datasets/CompressedDataset/Methi_laddu/Methi_laddu_001.jpg
2761,2766,Methi_laddu,/content/drive/MyDrive/Indian_Food_Research/datasets/CompressedDataset/Methi_laddu/Methi_laddu_006.jpg
2762,2762,Methi_laddu,/content/drive/MyDrive/Indian_Food_Research/datasets/CompressedDataset/Methi_laddu/Methi_laddu_002.jpg
2762,2763,Methi_laddu,/content/drive/MyDrive/Indian_Food_Research/datasets/CompressedDataset/Methi_laddu/Methi_laddu_003.jpg
2764,2764,Methi_laddu,/content/drive/MyDrive/Indian_Food_Research/datasets/CompressedDataset/Methi_laddu/Methi_laddu_004.jpg
2764,2765,Methi_laddu,/content/drive/MyDrive/Indian_Food_Research/datasets/CompressedDataset/Methi_laddu/Methi_laddu_005.jpg
2771,2771,Methi_laddu,/content/drive/MyDrive/Indian_Food_Research/datasets/CompressedDataset/Methi_laddu/Methi_laddu_011.jpg
2771,2772,Methi_laddu,/content/drive/MyDrive/Indian_Food_Research/datasets/CompressedDataset/Methi_laddu/Methi_laddu_012.jpg
2771,2773,Methi_laddu,/content/drive/MyDrive/Indian_Food_Research/datasets/CompressedDataset/Methi_laddu/Methi_laddu_013.jpg
2771,2774,Methi_laddu,/content/drive/MyDrive/Indian_Food_Research/datasets/CompressedDataset/Methi_laddu/Methi_laddu_014.jpg
2771,2775,Methi_laddu,/content/drive/MyDrive/Indian_Food_Research/datasets/CompressedDataset/Methi_laddu/Methi_laddu_015.jpg
2776,2776,Methi_laddu,/content/drive/MyDrive/Indian_Food_Research/datasets/CompressedDataset/Methi_laddu/Methi_laddu_016.jpg
2776,2782,Methi_laddu,/content/drive/MyDrive/Indian_Food_Research/datasets/CompressedDataset/Methi_laddu/Methi_laddu_022.jpg
2778,2778,Methi_laddu,/content/drive/MyDrive/Indian_Food_Research/datasets/CompressedDataset/Methi_laddu/Methi_laddu_018.jpg
2778,2779,Methi_laddu,/content/drive/MyDrive/Indian_Food_Research/datasets/CompressedDataset/Methi_laddu/Methi_laddu_019.jpg
2778,2780,Methi_laddu,/content/drive/MyDrive/Indian_Food_Research/datasets/CompressedDataset/Methi_laddu/Methi_laddu_020.jpg
2783,2783,Methi_laddu,/content/drive/MyDrive/Indian_Food_Research/datasets/CompressedDataset/Methi_laddu/Methi_laddu_023.jpg
2783,2786,Methi_laddu,/content/drive/MyDrive/Indian_Food_Research/datasets/CompressedDataset/Methi_laddu/Methi_laddu_026.jpg
2788,2788,Methi_laddu,/content/drive/MyDrive/Indian_Food_Research/datasets/CompressedDataset/Methi_laddu/Methi_laddu_028.jpg
2788,2789,Methi_laddu,/content/drive/MyDrive/Indian_Food_Research/datasets/CompressedDataset/Methi_laddu/Methi_laddu_029.jpg
2795,2795,Methi_laddu,/content/drive/MyDrive/Indian_Food_Research/datasets/CompressedDataset/Methi_laddu/Methi_laddu_035.jpg
2795,2796,Methi_laddu,/content/drive/MyDrive/Indian_Food_Research/datasets/CompressedDataset/Methi_laddu/Methi_laddu_036.jpg
2905,2905,Motichoor_Laddu,/content/drive/MyDrive/Indian_Food_Research/datasets/CompressedDataset/Motichoor_Laddu/Motichoor_Laddu_010.jpg
2905,2921,Motichoor_Laddu,/content/drive/MyDrive/Indian_Food_Research/datasets/CompressedDataset/Motichoor_Laddu/Motichoor_Laddu_026.jpg
2915,2915,Motichoor_Laddu,/content/drive/MyDrive/Indian_Food_Research/datasets/CompressedDataset/Motichoor_Laddu/Motichoor_Laddu_020.jpg
2915,2917,Motichoor_Laddu,/content/drive/MyDrive/Indian_Food_Research/datasets/CompressedDataset/Motichoor_Laddu/Motichoor_Laddu_022.jpg
2918,2918,Motichoor_Laddu,/content/drive/MyDrive/Indian_Food_Research/datasets/CompressedDataset/Motichoor_Laddu/Motichoor_Laddu_023.jpg
2918,2920,Motichoor_Laddu,/content/drive/MyDrive/Indian_Food_Research/datasets/CompressedDataset/Motichoor_Laddu/Motichoor_Laddu_025.jpg
2929,2929,Motichoor_Laddu,/content/drive/MyDrive/Indian_Food_Research/datasets/CompressedDataset/Motichoor_Laddu/Motichoor_Laddu_034.jpg
2929,2930,Motichoor_Laddu,/content/drive/MyDrive/Indian_Food_Research/datasets/CompressedDataset/Motichoor_Laddu/Motichoor_Laddu_035.jpg
2945,2945,Motichoor_Laddu,/content/drive/MyDrive/Indian_Food_Research/datasets/CompressedDataset/Motichoor_Laddu/Motichoor_Laddu_050.jpg
2945,2947,Motichoor_Laddu,/content/drive/MyDrive/Indian_Food_Research/datasets/CompressedDataset/Motichoor_Laddu/Motichoor_Laddu_052.jpg
2987,2987,Mugachi_usal,/content/drive/MyDrive/Indian_Food_Research/datasets/CompressedDataset/Mugachi_usal/Mugachi_usal_024.jpg
2987,2990,Mugachi_usal,/content/drive/MyDrive/Indian_Food_Research/datasets/CompressedDataset/Mugachi_usal/Mugachi_usal_027.jpg
2996,2996,Mugachi_usal,/content/drive/MyDrive/Indian_Food_Research/datasets/CompressedDataset/Mugachi_usal/Mugachi_usal_033.jpg
2996,3011,Mugachi_usal,/content/drive/MyDrive/Indian_Food_Research/datasets/CompressedDataset/Mugachi_usal/Mugachi_usal_048.jpg
3015,3015,Mutton_curry,/content/drive/MyDrive/Indian_Food_Research/datasets/CompressedDataset/Mutton_curry/Mutton_curry_002.jpg
3015,3016,Mutton_curry,/content/drive/MyDrive/Indian_Food_Research/datasets/CompressedDataset/Mutton_curry/Mutton_curry_003.jpg
3018,3018,Mutton_curry,/content/drive/MyDrive/Indian_Food_Research/datasets/CompressedDataset/Mutton_curry/Mutton_curry_005.jpg
3018,3044,Mutton_curry,/content/drive/MyDrive/Indian_Food_Research/datasets/CompressedDataset/Mutton_curry/Mutton_curry_031.jpg
3020,3020,Mutton_curry,/content/drive/MyDrive/Indian_Food_Research/datasets/CompressedDataset/Mutton_curry/Mutton_curry_007.jpg
3020,3032,Mutton_curry,/content/drive/MyDrive/Indian_Food_Research/datasets/CompressedDataset/Mutton_curry/Mutton_curry_019.jpg
3021,3021,Mutton_curry,/content/drive/MyDrive/Indian_Food_Research/datasets/CompressedDataset/Mutton_curry/Mutton_curry_008.jpg
3021,3041,Mutton_curry,/content/drive/MyDrive/Indian_Food_Research/datasets/CompressedDataset/Mutton_curry/Mutton_curry_028.jpg
3025,3025,Mutton_curry,/content/drive/MyDrive/Indian_Food_Research/datasets/CompressedDataset/Mutton_curry/Mutton_curry_012.jpg
3025,3060,Mutton_curry,/content/drive/MyDrive/Indian_Food_Research/datasets/CompressedDataset/Mutton_curry/Mutton_curry_047.jpg
3027,3027,Mutton_curry,/content/drive/MyDrive/Indian_Food_Research/datasets/CompressedDataset/Mutton_curry/Mutton_curry_014.jpg
3027,3043,Mutton_curry,/content/drive/MyDrive/Indian_Food_Research/datasets/CompressedDataset/Mutton_curry/Mutton_curry_030.jpg
3030,3030,Mutton_curry,/content/drive/MyDrive/Indian_Food_Research/datasets/CompressedDataset/Mutton_curry/Mutton_curry_017.jpg
3030,3059,Mutton_curry,/content/drive/MyDrive/Indian_Food_Research/datasets/CompressedDataset/Mutton_curry/Mutton_curry_046.jpg
3033,3033,Mutton_curry,/content/drive/MyDrive/Indian_Food_Research/datasets/CompressedDataset/Mutton_curry/Mutton_curry_020.jpg
3033,3052,Mutton_curry,/content/drive/MyDrive/Indian_Food_Research/datasets/CompressedDataset/Mutton_curry/Mutton_curry_039.jpg
3035,3035,Mutton_curry,/content/drive/MyDrive/Indian_Food_Research/datasets/CompressedDataset/Mutton_curry/Mutton_curry_022.jpg
3035,3050,Mutton_curry,/content/drive/MyDrive/Indian_Food_Research/datasets/CompressedDataset/Mutton_curry/Mutton_curry_037.jpg
3036,3036,Mutton_curry,/content/drive/MyDrive/Indian_Food_Research/datasets/CompressedDataset/Mutton_curry/Mutton_curry_023.jpg
3036,3056,Mutton_curry,/content/drive/MyDrive/Indian_Food_Research/datasets/CompressedDataset/Mutton_curry/Mutton_curry_043.jpg
3039,3039,Mutton_curry,/content/drive/MyDrive/Indian_Food_Research/datasets/CompressedDataset/Mutton_curry/Mutton_curry_026.jpg
3039,3061,Mutton_curry,/content/drive/MyDrive/Indian_Food_Research/datasets/CompressedDataset/Mutton_curry/Mutton_curry_048.jpg
3040,3040,Mutton_curry,/content/drive/MyDrive/Indian_Food_Research/datasets/CompressedDataset/Mutton_curry/Mutton_curry_027.jpg
3040,3057,Mutton_curry,/content/drive/MyDrive/Indian_Food_Research/datasets/CompressedDataset/Mutton_curry/Mutton_curry_044.jpg
3042,3042,Mutton_curry,/content/drive/MyDrive/Indian_Food_Research/datasets/CompressedDataset/Mutton_curry/Mutton_curry_029.jpg
3042,3062,Mutton_curry,/content/drive/MyDrive/Indian_Food_Research/datasets/CompressedDataset/Mutton_curry/Mutton_curry_049.jpg
3046,3046,Mutton_curry,/content/drive/MyDrive/Indian_Food_Research/datasets/CompressedDataset/Mutton_curry/Mutton_curry_033.jpg
3046,3063,Mutton_curry,/content/drive/MyDrive/Indian_Food_Research/datasets/CompressedDataset/Mutton_curry/Mutton_curry_050.jpg
3047,3047,Mutton_curry,/content/drive/MyDrive/Indian_Food_Research/datasets/CompressedDataset/Mutton_curry/Mutton_curry_034.jpg
3047,3068,Mutton_curry,/content/drive/MyDrive/Indian_Food_Research/datasets/CompressedDataset/Mutton_curry/Mutton_curry_055.jpg
3049,3049,Mutton_curry,/content/drive/MyDrive/Indian_Food_Research/datasets/CompressedDataset/Mutton_curry/Mutton_curry_036.jpg
3049,3064,Mutton_curry,/content/drive/MyDrive/Indian_Food_Research/datasets/CompressedDataset/Mutton_curry/Mutton_curry_051.jpg
3051,3051,Mutton_curry,/content/drive/MyDrive/Indian_Food_Research/datasets/CompressedDataset/Mutton_curry/Mutton_curry_038.jpg
3051,3065,Mutton_curry,/content/drive/MyDrive/Indian_Food_Research/datasets/CompressedDataset/Mutton_curry/Mutton_curry_052.jpg
3054,3054,Mutton_curry,/content/drive/MyDrive/Indian_Food_Research/datasets/CompressedDataset/Mutton_curry/Mutton_curry_041.jpg
3054,3067,Mutton_curry,/content/drive/MyDrive/Indian_Food_Research/datasets/CompressedDataset/Mutton_curry/Mutton_curry_054.jpg
3055,3055,Mutton_curry,/content/drive/MyDrive/Indian_Food_Research/datasets/CompressedDataset/Mutton_curry/Mutton_curry_042.jpg
3055,3066,Mutton_curry,/content/drive/MyDrive/Indian_Food_Research/datasets/CompressedDataset/Mutton_curry/Mutton_curry_053.jpg
3100,3100,Palak_Paneer,/content/drive/MyDrive/Indian_Food_Research/datasets/CompressedDataset/Palak_Paneer/Palak_Paneer_032.jpg
3100,3118,Palak_Paneer,/content/drive/MyDrive/Indian_Food_Research/datasets/CompressedDataset/Palak_Paneer/Palak_Paneer_050.jpg
3103,3103,Palak_Paneer,/content/drive/MyDrive/Indian_Food_Research/datasets/CompressedDataset/Palak_Paneer/Palak_Paneer_035.jpg
3103,3114,Palak_Paneer,/content/drive/MyDrive/Indian_Food_Research/datasets/CompressedDataset/Palak_Paneer/Palak_Paneer_046.jpg
3104,3104,Palak_Paneer,/content/drive/MyDrive/Indian_Food_Research/datasets/CompressedDataset/Palak_Paneer/Palak_Paneer_036.jpg
3104,3113,Palak_Paneer,/content/drive/MyDrive/Indian_Food_Research/datasets/CompressedDataset/Palak_Paneer/Palak_Paneer_045.jpg
3105,3105,Palak_Paneer,/content/drive/MyDrive/Indian_Food_Research/datasets/CompressedDataset/Palak_Paneer/Palak_Paneer_037.jpg
3105,3110,Palak_Paneer,/content/drive/MyDrive/Indian_Food_Research/datasets/CompressedDataset/Palak_Paneer/Palak_Paneer_042.jpg
3107,3107,Palak_Paneer,/content/drive/MyDrive/Indian_Food_Research/datasets/CompressedDataset/Palak_Paneer/Palak_Paneer_039.jpg
3107,3112,Palak_Paneer,/content/drive/MyDrive/Indian_Food_Research/datasets/CompressedDataset/Palak_Paneer/Palak_Paneer_044.jpg
3108,3108,Palak_Paneer,/content/drive/MyDrive/Indian_Food_Research/datasets/CompressedDataset/Palak_Paneer/Palak_Paneer_040.jpg
3108,3111,Palak_Paneer,/content/drive/MyDrive/Indian_Food_Research/datasets/CompressedDataset/Palak_Paneer/Palak_Paneer_043.jpg
3142,3142,Palak_soup,/content/drive/MyDrive/Indian_Food_Research/datasets/CompressedDataset/Palak_soup/Palak_soup_017.jpg
3142,3143,Palak_soup,/content/drive/MyDrive/Indian_Food_Research/datasets/CompressedDataset/Palak_soup/Palak_soup_018.jpg
3184,3184,Paneer_Broccoli_stir_fry,/content/drive/MyDrive/Indian_Food_Research/datasets/CompressedDataset/Paneer_Broccoli_stir_fry/Paneer_Broccoli_stir_fry_006.jpg
3184,3185,Paneer_Broccoli_stir_fry,/content/drive/MyDrive/Indian_Food_Research/datasets/CompressedDataset/Paneer_Broccoli_stir_fry/Paneer_Broccoli_stir_fry_007.jpg
3184,3186,Paneer_Broccoli_stir_fry,/content/drive/MyDrive/Indian_Food_Research/datasets/CompressedDataset/Paneer_Broccoli_stir_fry/Paneer_Broccoli_stir_fry_008.jpg
3192,3180,Paneer_Broccoli_stir_fry,/content/drive/MyDrive/Indian_Food_Research/datasets/CompressedDataset/Paneer_Broccoli_stir_fry/Paneer_Broccoli_stir_fry_002.jpg
3192,3181,Paneer_Broccoli_stir_fry,/content/drive/MyDrive/Indian_Food_Research/datasets/CompressedDataset/Paneer_Broccoli_stir_fry/Paneer_Broccoli_stir_fry_003.jpg
3192,3183,Paneer_Broccoli_stir_fry,/content/drive/MyDrive/Indian_Food_Research/datasets/CompressedDataset/Paneer_Broccoli_stir_fry/Paneer_Broccoli_stir_fry_005.jpg
3192,3192,Paneer_Broccoli_stir_fry,/content/drive/MyDrive/Indian_Food_Research/datasets/CompressedDataset/Paneer_Broccoli_stir_fry/Paneer_Broccoli_stir_fry_014.jpg
3192,3193,Paneer_Broccoli_stir_fry,/content/drive/MyDrive/Indian_Food_Research/datasets/CompressedDataset/Paneer_Broccoli_stir_fry/Paneer_Broccoli_stir_fry_015.jpg
3192,3198,Paneer_Broccoli_stir_fry,/content/drive/MyDrive/Indian_Food_Research/datasets/CompressedDataset/Paneer_Broccoli_stir_fry/Paneer_Broccoli_stir_fry_020.jpg
3192,3206,Paneer_Broccoli_stir_fry,/content/drive/MyDrive/Indian_Food_Research/datasets/CompressedDataset/Paneer_Broccoli_stir_fry/Paneer_Broccoli_stir_fry_028.jpg
3208,3208,Paneer_Broccoli_stir_fry,/content/drive/MyDrive/Indian_Food_Research/datasets/CompressedDataset/Paneer_Broccoli_stir_fry/Paneer_Broccoli_stir_fry_030.jpg
3208,3209,Paneer_Broccoli_stir_fry,/content/drive/MyDrive/Indian_Food_Research/datasets/CompressedDataset/Paneer_Broccoli_stir_fry/Paneer_Broccoli_stir_fry_031.jpg
3218,3218,Paneer_Broccoli_stir_fry,/content/drive/MyDrive/Indian_Food_Research/datasets/CompressedDataset/Paneer_Broccoli_stir_fry/Paneer_Broccoli_stir_fry_040.jpg
3218,3219,Paneer_Broccoli_stir_fry,/content/drive/MyDrive/Indian_Food_Research/datasets/CompressedDataset/Paneer_Broccoli_stir_fry/Paneer_Broccoli_stir_fry_041.jpg
3224,3223,Paneer_Broccoli_stir_fry,/content/drive/MyDrive/Indian_Food_Research/datasets/CompressedDataset/Paneer_Broccoli_stir_fry/Paneer_Broccoli_stir_fry_045.jpg
3224,3224,Paneer_Broccoli_stir_fry,/content/drive/MyDrive/Indian_Food_Research/datasets/CompressedDataset/Paneer_Broccoli_stir_fry/Paneer_Broccoli_stir_fry_046.jpg
3224,3225,Paneer_Broccoli_stir_fry,/content/drive/MyDrive/Indian_Food_Research/datasets/CompressedDataset/Paneer_Broccoli_stir_fry/Paneer_Broccoli_stir_fry_047.jpg
3227,3227,Paneer_Broccoli_stir_fry,/content/drive/MyDrive/Indian_Food_Research/datasets/CompressedDataset/Paneer_Broccoli_stir_fry/Paneer_Broccoli_stir_fry_049.jpg
3227,3230,Paneer_Broccoli_stir_fry,/content/drive/MyDrive/Indian_Food_Research/datasets/CompressedDataset/Paneer_Broccoli_stir_fry/Paneer_Broccoli_stir_fry_052.jpg
3287,3287,Pasta,/content/drive/MyDrive/Indian_Food_Research/datasets/CompressedDataset/Pasta/Pasta_003.jpg
3287,3292,Pasta,/content/drive/MyDrive/Indian_Food_Research/datasets/CompressedDataset/Pasta/Pasta_008.jpg
3289,3289,Pasta,/content/drive/MyDrive/Indian_Food_Research/datasets/CompressedDataset/Pasta/Pasta_005.jpg
3289,3314,Pasta,/content/drive/MyDrive/Indian_Food_Research/datasets/CompressedDataset/Pasta/Pasta_030.jpg
3289,3315,Pasta,/content/drive/MyDrive/Indian_Food_Research/datasets/CompressedDataset/Pasta/Pasta_031.jpg
3289,3328,Pasta,/content/drive/MyDrive/Indian_Food_Research/datasets/CompressedDataset/Pasta/Pasta_044.jpg
3291,3291,Pasta,/content/drive/MyDrive/Indian_Food_Research/datasets/CompressedDataset/Pasta/Pasta_007.jpg
3291,3294,Pasta,/content/drive/MyDrive/Indian_Food_Research/datasets/CompressedDataset/Pasta/Pasta_010.jpg
3293,3293,Pasta,/content/drive/MyDrive/Indian_Food_Research/datasets/CompressedDataset/Pasta/Pasta_009.jpg
3293,3295,Pasta,/content/drive/MyDrive/Indian_Food_Research/datasets/CompressedDataset/Pasta/Pasta_011.jpg
3297,3296,Pasta,/content/drive/MyDrive/Indian_Food_Research/datasets/CompressedDataset/Pasta/Pasta_012.jpg
3297,3297,Pasta,/content/drive/MyDrive/Indian_Food_Research/datasets/CompressedDataset/Pasta/Pasta_013.jpg
3297,3320,Pasta,/content/drive/MyDrive/Indian_Food_Research/datasets/CompressedDataset/Pasta/Pasta_036.jpg
3297,3322,Pasta,/content/drive/MyDrive/Indian_Food_Research/datasets/CompressedDataset/Pasta/Pasta_038.jpg
3297,3323,Pasta,/content/drive/MyDrive/Indian_Food_Research/datasets/CompressedDataset/Pasta/Pasta_039.jpg
3299,3299,Pasta,/content/drive/MyDrive/Indian_Food_Research/datasets/CompressedDataset/Pasta/Pasta_015.jpg
3299,3326,Pasta,/content/drive/MyDrive/Indian_Food_Research/datasets/CompressedDataset/Pasta/Pasta_042.jpg
3300,3300,Pasta,/content/drive/MyDrive/Indian_Food_Research/datasets/CompressedDataset/Pasta/Pasta_016.jpg
3300,3324,Pasta,/content/drive/MyDrive/Indian_Food_Research/datasets/CompressedDataset/Pasta/Pasta_040.jpg
3301,3301,Pasta,/content/drive/MyDrive/Indian_Food_Research/datasets/CompressedDataset/Pasta/Pasta_017.jpg
3301,3318,Pasta,/content/drive/MyDrive/Indian_Food_Research/datasets/CompressedDataset/Pasta/Pasta_034.jpg
3302,3302,Pasta,/content/drive/MyDrive/Indian_Food_Research/datasets/CompressedDataset/Pasta/Pasta_018.jpg
3302,3313,Pasta,/content/drive/MyDrive/Indian_Food_Research/datasets/CompressedDataset/Pasta/Pasta_029.jpg
3304,3304,Pasta,/content/drive/MyDrive/Indian_Food_Research/datasets/CompressedDataset/Pasta/Pasta_020.jpg
3304,3309,Pasta,/content/drive/MyDrive/Indian_Food_Research/datasets/CompressedDataset/Pasta/Pasta_025.jpg
3305,3305,Pasta,/content/drive/MyDrive/Indian_Food_Research/datasets/CompressedDataset/Pasta/Pasta_021.jpg
3305,3310,Pasta,/content/drive/MyDrive/Indian_Food_Research/datasets/CompressedDataset/Pasta/Pasta_026.jpg
3306,3306,Pasta,/content/drive/MyDrive/Indian_Food_Research/datasets/CompressedDataset/Pasta/Pasta_022.jpg
3306,3312,Pasta,/content/drive/MyDrive/Indian_Food_Research/datasets/CompressedDataset/Pasta/Pasta_028.jpg
3307,3307,Pasta,/content/drive/MyDrive/Indian_Food_Research/datasets/CompressedDataset/Pasta/Pasta_023.jpg
3307,3316,Pasta,/content/drive/MyDrive/Indian_Food_Research/datasets/CompressedDataset/Pasta/Pasta_032.jpg
3308,3308,Pasta,/content/drive/MyDrive/Indian_Food_Research/datasets/CompressedDataset/Pasta/Pasta_024.jpg
3308,3321,Pasta,/content/drive/MyDrive/Indian_Food_Research/datasets/CompressedDataset/Pasta/Pasta_037.jpg
3311,3286,Pasta,/content/drive/MyDrive/Indian_Food_Research/datasets/CompressedDataset/Pasta/Pasta_002.jpg
3311,3311,Pasta,/content/drive/MyDrive/Indian_Food_Research/datasets/CompressedDataset/Pasta/Pasta_027.jpg
3311,3325,Pasta,/content/drive/MyDrive/Indian_Food_Research/datasets/CompressedDataset/Pasta/Pasta_041.jpg
3351,3351,Pav_bhaji,/content/drive/MyDrive/Indian_Food_Research/datasets/CompressedDataset/Pav_bhaji/Pav_bhaji_017.jpg
3351,3355,Pav_bhaji,/content/drive/MyDrive/Indian_Food_Research/datasets/CompressedDataset/Pav_bhaji/Pav_bhaji_021.jpg
3351,3359,Pav_bhaji,/content/drive/MyDrive/Indian_Food_Research/datasets/CompressedDataset/Pav_bhaji/Pav_bhaji_025.jpg
3356,3356,Pav_bhaji,/content/drive/MyDrive/Indian_Food_Research/datasets/CompressedDataset/Pav_bhaji/Pav_bhaji_022.jpg
3356,3362,Pav_bhaji,/content/drive/MyDrive/Indian_Food_Research/datasets/CompressedDataset/Pav_bhaji/Pav_bhaji_028.jpg
3366,3366,Pav_bhaji,/content/drive/MyDrive/Indian_Food_Research/datasets/CompressedDataset/Pav_bhaji/Pav_bhaji_032.jpg
3366,3367,Pav_bhaji,/content/drive/MyDrive/Indian_Food_Research/datasets/CompressedDataset/Pav_bhaji/Pav_bhaji_033.jpg
3380,3380,Poha,/content/drive/MyDrive/Indian_Food_Research/datasets/CompressedDataset/Poha/Poha_012.jpg
3380,4232,Upma,/content/drive/MyDrive/Indian_Food_Research/datasets/CompressedDataset/Upma/Upma_008.jpg
3411,3411,Poha,/content/drive/MyDrive/Indian_Food_Research/datasets/CompressedDataset/Poha/Poha_043.jpg
3411,3420,Poha,/content/drive/MyDrive/Indian_Food_Research/datasets/CompressedDataset/Poha/Poha_052.jpg
3421,3421,Poha,/content/drive/MyDrive/Indian_Food_Research/datasets/CompressedDataset/Poha/Poha_053.jpg
3421,3422,Poha,/content/drive/MyDrive/Indian_Food_Research/datasets/CompressedDataset/Poha/Poha_054.jpg
3472,3472,Pudina_grilled_chicken,/content/drive/MyDrive/Indian_Food_Research/datasets/CompressedDataset/Pudina_grilled_chicken/Pudina_grilled_chicken_014.jpg
3472,3510,Pudina_grilled_chicken,/content/drive/MyDrive/Indian_Food_Research/datasets/CompressedDataset/Pudina_grilled_chicken/Pudina_grilled_chicken_052.jpg
3474,3474,Pudina_grilled_chicken,/content/drive/MyDrive/Indian_Food_Research/datasets/CompressedDataset/Pudina_grilled_chicken/Pudina_grilled_chicken_016.jpg
3474,3506,Pudina_grilled_chicken,/content/drive/MyDrive/Indian_Food_Research/datasets/CompressedDataset/Pudina_grilled_chicken/Pudina_grilled_chicken_048.jpg
3476,3476,Pudina_grilled_chicken,/content/drive/MyDrive/Indian_Food_Research/datasets/CompressedDataset/Pudina_grilled_chicken/Pudina_grilled_chicken_018.jpg
3476,3505,Pudina_grilled_chicken,/content/drive/MyDrive/Indian_Food_Research/datasets/CompressedDataset/Pudina_grilled_chicken/Pudina_grilled_chicken_047.jpg
3477,3477,Pudina_grilled_chicken,/content/drive/MyDrive/Indian_Food_Research/datasets/CompressedDataset/Pudina_grilled_chicken/Pudina_grilled_chicken_019.jpg
3477,3500,Pudina_grilled_chicken,/content/drive/MyDrive/Indian_Food_Research/datasets/CompressedDataset/Pudina_grilled_chicken/Pudina_grilled_chicken_042.jpg
3478,3478,Pudina_grilled_chicken,/content/drive/MyDrive/Indian_Food_Research/datasets/CompressedDataset/Pudina_grilled_chicken/Pudina_grilled_chicken_020.jpg
3478,3496,Pudina_grilled_chicken,/content/drive/MyDrive/Indian_Food_Research/datasets/CompressedDataset/Pudina_grilled_chicken/Pudina_grilled_chicken_038.jpg
3479,3479,Pudina_grilled_chicken,/content/drive/MyDrive/Indian_Food_Research/datasets/CompressedDataset/Pudina_grilled_chicken/Pudina_grilled_chicken_021.jpg
3479,3495,Pudina_grilled_chicken,/content/drive/MyDrive/Indian_Food_Research/datasets/CompressedDataset/Pudina_grilled_chicken/Pudina_grilled_chicken_037.jpg
3480,3480,Pudina_grilled_chicken,/content/drive/MyDrive/Indian_Food_Research/datasets/CompressedDataset/Pudina_grilled_chicken/Pudina_grilled_chicken_022.jpg
3480,3491,Pudina_grilled_chicken,/content/drive/MyDrive/Indian_Food_Research/datasets/CompressedDataset/Pudina_grilled_chicken/Pudina_grilled_chicken_033.jpg
3481,3481,Pudina_grilled_chicken,/content/drive/MyDrive/Indian_Food_Research/datasets/CompressedDataset/Pudina_grilled_chicken/Pudina_grilled_chicken_023.jpg
3481,3490,Pudina_grilled_chicken,/content/drive/MyDrive/Indian_Food_Research/datasets/CompressedDataset/Pudina_grilled_chicken/Pudina_grilled_chicken_032.jpg
3482,3482,Pudina_grilled_chicken,/content/drive/MyDrive/Indian_Food_Research/datasets/CompressedDataset/Pudina_grilled_chicken/Pudina_grilled_chicken_024.jpg
3482,3488,Pudina_grilled_chicken,/content/drive/MyDrive/Indian_Food_Research/datasets/CompressedDataset/Pudina_grilled_chicken/Pudina_grilled_chicken_030.jpg
3483,3483,Pudina_grilled_chicken,/content/drive/MyDrive/Indian_Food_Research/datasets/CompressedDataset/Pudina_grilled_chicken/Pudina_grilled_chicken_025.jpg
3483,3498,Pudina_grilled_chicken,/content/drive/MyDrive/Indian_Food_Research/datasets/CompressedDataset/Pudina_grilled_chicken/Pudina_grilled_chicken_040.jpg
3484,3484,Pudina_grilled_chicken,/content/drive/MyDrive/Indian_Food_Research/datasets/CompressedDataset/Pudina_grilled_chicken/Pudina_grilled_chicken_026.jpg
3484,3492,Pudina_grilled_chicken,/content/drive/MyDrive/Indian_Food_Research/datasets/CompressedDataset/Pudina_grilled_chicken/Pudina_grilled_chicken_034.jpg
3485,3485,Pudina_grilled_chicken,/content/drive/MyDrive/Indian_Food_Research/datasets/CompressedDataset/Pudina_grilled_chicken/Pudina_grilled_chicken_027.jpg
3485,3493,Pudina_grilled_chicken,/content/drive/MyDrive/Indian_Food_Research/datasets/CompressedDataset/Pudina_grilled_chicken/Pudina_grilled_chicken_035.jpg
3489,3489,Pudina_grilled_chicken,/content/drive/MyDrive/Indian_Food_Research/datasets/CompressedDataset/Pudina_grilled_chicken/Pudina_grilled_chicken_031.jpg
3489,3501,Pudina_grilled_chicken,/content/drive/MyDrive/Indian_Food_Research/datasets/CompressedDataset/Pudina_grilled_chicken/Pudina_grilled_chicken_043.jpg
3494,3494,Pudina_grilled_chicken,/content/drive/MyDrive/Indian_Food_Research/datasets/CompressedDataset/Pudina_grilled_chicken/Pudina_grilled_chicken_036.jpg
3494,3503,Pudina_grilled_chicken,/content/drive/MyDrive/Indian_Food_Research/datasets/CompressedDataset/Pudina_grilled_chicken/Pudina_grilled_chicken_045.jpg
3497,3497,Pudina_grilled_chicken,/content/drive/MyDrive/Indian_Food_Research/datasets/CompressedDataset/Pudina_grilled_chicken/Pudina_grilled_chicken_039.jpg
3497,3507,Pudina_grilled_chicken,/content/drive/MyDrive/Indian_Food_Research/datasets/CompressedDataset/Pudina_grilled_chicken/Pudina_grilled_chicken_049.jpg
3499,3499,Pudina_grilled_chicken,/content/drive/MyDrive/Indian_Food_Research/datasets/CompressedDataset/Pudina_grilled_chicken/Pudina_grilled_chicken_041.jpg
3499,3511,Pudina_grilled_chicken,/content/drive/MyDrive/Indian_Food_Research/datasets/CompressedDataset/Pudina_grilled_chicken/Pudina_grilled_chicken_053.jpg
3514,3514,Pulao,/content/drive/MyDrive/Indian_Food_Research/datasets/CompressedDataset/Pulao/Pulao_002.jpg
3514,3517,Pulao,/content/drive/MyDrive/Indian_Food_Research/datasets/CompressedDataset/Pulao/Pulao_005.jpg
3515,3515,Pulao,/content/drive/MyDrive/Indian_Food_Research/datasets/CompressedDataset/Pulao/Pulao_003.jpg
3515,3530,Pulao,/content/drive/MyDrive/Indian_Food_Research/datasets/CompressedDataset/Pulao/Pulao_018.jpg
3515,3534,Pulao,/content/drive/MyDrive/Indian_Food_Research/datasets/CompressedDataset/Pulao/Pulao_022.jpg
3532,3532,Pulao,/content/drive/MyDrive/Indian_Food_Research/datasets/CompressedDataset/Pulao/Pulao_020.jpg
3532,3536,Pulao,/content/drive/MyDrive/Indian_Food_Research/datasets/CompressedDataset/Pulao/Pulao_024.jpg
3574,3572,Pumpkin_Puri,/content/drive/MyDrive/Indian_Food_Research/datasets/CompressedDataset/Pumpkin_Puri/Pumpkin_Puri_001.jpg
3574,3574,Pumpkin_Puri,/content/drive/MyDrive/Indian_Food_Research/datasets/CompressedDataset/Pumpkin_Puri/Pumpkin_Puri_003.jpg
3574,3575,Pumpkin_Puri,/content/drive/MyDrive/Indian_Food_Research/datasets/CompressedDataset/Pumpkin_Puri/Pumpkin_Puri_004.jpg
3592,3592,Pumpkin_Puri,/content/drive/MyDrive/Indian_Food_Research/datasets/CompressedDataset/Pumpkin_Puri/Pumpkin_Puri_021.jpg
3592,3595,Pumpkin_Puri,/content/drive/MyDrive/Indian_Food_Research/datasets/CompressedDataset/Pumpkin_Puri/Pumpkin_Puri_024.jpg
3631,3631,Puran_Poli,/content/drive/MyDrive/Indian_Food_Research/datasets/CompressedDataset/Puran_Poli/Puran_Poli_026.jpg
3631,3637,Puran_Poli,/content/drive/MyDrive/Indian_Food_Research/datasets/CompressedDataset/Puran_Poli/Puran_Poli_032.jpg
3631,3643,Puran_Poli,/content/drive/MyDrive/Indian_Food_Research/datasets/CompressedDataset/Puran_Poli/Puran_Poli_038.jpg
3631,3649,Puran_Poli,/content/drive/MyDrive/Indian_Food_Research/datasets/CompressedDataset/Puran_Poli/Puran_Poli_044.jpg
3677,3677,Rajbhog_Matho,/content/drive/MyDrive/Indian_Food_Research/datasets/CompressedDataset/Rajbhog_Matho/Rajbhog_Matho_011.jpg
3677,3688,Rajbhog_Matho,/content/drive/MyDrive/Indian_Food_Research/datasets/CompressedDataset/Rajbhog_Matho/Rajbhog_Matho_022.jpg
3677,3703,Rajbhog_Matho,/content/drive/MyDrive/Indian_Food_Research/datasets/CompressedDataset/Rajbhog_Matho/Rajbhog_Matho_037.jpg
3679,3679,Rajbhog_Matho,/content/drive/MyDrive/Indian_Food_Research/datasets/CompressedDataset/Rajbhog_Matho/Rajbhog_Matho_013.jpg
3679,3680,Rajbhog_Matho,/content/drive/MyDrive/Indian_Food_Research/datasets/CompressedDataset/Rajbhog_Matho/Rajbhog_Matho_014.jpg
3679,3693,Rajbhog_Matho,/content/drive/MyDrive/Indian_Food_Research/datasets/CompressedDataset/Rajbhog_Matho/Rajbhog_Matho_027.jpg
3696,3696,Rajbhog_Matho,/content/drive/MyDrive/Indian_Food_Research/datasets/CompressedDataset/Rajbhog_Matho/Rajbhog_Matho_030.jpg
3696,3699,Rajbhog_Matho,/content/drive/MyDrive/Indian_Food_Research/datasets/CompressedDataset/Rajbhog_Matho/Rajbhog_Matho_033.jpg
3731,3731,Rasam_rice,/content/drive/MyDrive/Indian_Food_Research/datasets/CompressedDataset/Rasam_rice/Rasam_rice_001.jpg
3731,3735,Rasam_rice,/content/drive/MyDrive/Indian_Food_Research/datasets/CompressedDataset/Rasam_rice/Rasam_rice_005.jpg
3731,3736,Rasam_rice,/content/drive/MyDrive/Indian_Food_Research/datasets/CompressedDataset/Rasam_rice/Rasam_rice_006.jpg
3744,3742,Rasam_rice,/content/drive/MyDrive/Indian_Food_Research/datasets/CompressedDataset/Rasam_rice/Rasam_rice_012.jpg
3744,3743,Rasam_rice,/content/drive/MyDrive/Indian_Food_Research/datasets/CompressedDataset/Rasam_rice/Rasam_rice_013.jpg
3744,3744,Rasam_rice,/content/drive/MyDrive/Indian_Food_Research/datasets/CompressedDataset/Rasam_rice/Rasam_rice_014.jpg
3744,3745,Rasam_rice,/content/drive/MyDrive/Indian_Food_Research/datasets/CompressedDataset/Rasam_rice/Rasam_rice_015.jpg
3744,3746,Rasam_rice,/content/drive/MyDrive/Indian_Food_Research/datasets/CompressedDataset/Rasam_rice/Rasam_rice_016.jpg
3744,3748,Rasam_rice,/content/drive/MyDrive/Indian_Food_Research/datasets/CompressedDataset/Rasam_rice/Rasam_rice_018.jpg
3744,3751,Rasam_rice,/content/drive/MyDrive/Indian_Food_Research/datasets/CompressedDataset/Rasam_rice/Rasam_rice_021.jpg
3747,3747,Rasam_rice,/content/drive/MyDrive/Indian_Food_Research/datasets/CompressedDataset/Rasam_rice/Rasam_rice_017.jpg
3747,3750,Rasam_rice,/content/drive/MyDrive/Indian_Food_Research/datasets/CompressedDataset/Rasam_rice/Rasam_rice_020.jpg
3811,3811,Rasgulla,/content/drive/MyDrive/Indian_Food_Research/datasets/CompressedDataset/Rasgulla/Rasgulla_052.jpg
3811,3815,Rasgulla,/content/drive/MyDrive/Indian_Food_Research/datasets/CompressedDataset/Rasgulla/Rasgulla_056.jpg
3824,3824,Rasmalai,/content/drive/MyDrive/Indian_Food_Research/datasets/CompressedDataset/Rasmalai/Rasmalai_005.jpg
3824,3837,Rasmalai,/content/drive/MyDrive/Indian_Food_Research/datasets/CompressedDataset/Rasmalai/Rasmalai_018.jpg
3924,3924,Rava_Sheera,/content/drive/MyDrive/Indian_Food_Research/datasets/CompressedDataset/Rava_Sheera/Rava_Sheera_038.jpg
3924,3932,Rava_Sheera,/content/drive/MyDrive/Indian_Food_Research/datasets/CompressedDataset/Rava_Sheera/Rava_Sheera_046.jpg
3936,3936,Rava_Sheera,/content/drive/MyDrive/Indian_Food_Research/datasets/CompressedDataset/Rava_Sheera/Rava_Sheera_050.jpg
3936,3937,Rava_Sheera,/content/drive/MyDrive/Indian_Food_Research/datasets/CompressedDataset/Rava_Sheera/Rava_Sheera_051.jpg
4151,4151,Tilgul,/content/drive/MyDrive/Indian_Food_Research/datasets/CompressedDataset/Tilgul/Tilgul_002.jpg
4151,4152,Tilgul,/content/drive/MyDrive/Indian_Food_Research/datasets/CompressedDataset/Tilgul/Tilgul_003.jpg
4153,4153,Tilgul,/content/drive/MyDrive/Indian_Food_Research/datasets/CompressedDataset/Tilgul/Tilgul_004.jpg
4153,4154,Tilgul,/content/drive/MyDrive/Indian_Food_Research/datasets/CompressedDataset/Tilgul/Tilgul_005.jpg
4258,4258,Upma,/content/drive/MyDrive/Indian_Food_Research/datasets/CompressedDataset/Upma/Upma_034.jpg
4258,4262,Upma,/content/drive/MyDrive/Indian_Food_Research/datasets/CompressedDataset/Upma/Upma_038.jpg
4341,4341,Vada_Sambhar,/content/drive/MyDrive/Indian_Food_Research/datasets/CompressedDataset/Vada_Sambhar/Vada_Sambhar_007.jpg
4341,4342,Vada_Sambhar,/content/drive/MyDrive/Indian_Food_Research/datasets/CompressedDataset/Vada_Sambhar/Vada_Sambhar_008.jpg
4351,4351,Vada_Sambhar,/content/drive/MyDrive/Indian_Food_Research/datasets/CompressedDataset/Vada_Sambhar/Vada_Sambhar_017.jpg
4351,4352,Vada_Sambhar,/content/drive/MyDrive/Indian_Food_Research/datasets/CompressedDataset/Vada_Sambhar/Vada_Sambhar_018.jpg
4360,4360,Vada_Sambhar,/content/drive/MyDrive/Indian_Food_Research/datasets/CompressedDataset/Vada_Sambhar/Vada_Sambhar_026.jpg
4360,4361,Vada_Sambhar,/content/drive/MyDrive/Indian_Food_Research/datasets/CompressedDataset/Vada_Sambhar/Vada_Sambhar_027.jpg
4363,4363,Vada_Sambhar,/content/drive/MyDrive/Indian_Food_Research/datasets/CompressedDataset/Vada_Sambhar/Vada_Sambhar_029.jpg
4363,4364,Vada_Sambhar,/content/drive/MyDrive/Indian_Food_Research/datasets/CompressedDataset/Vada_Sambhar/Vada_Sambhar_030.jpg
4370,4370,Vada_Sambhar,/content/drive/MyDrive/Indian_Food_Research/datasets/CompressedDataset/Vada_Sambhar/Vada_Sambhar_036.jpg
4370,4371,Vada_Sambhar,/content/drive/MyDrive/Indian_Food_Research/datasets/CompressedDataset/Vada_Sambhar/Vada_Sambhar_037.jpg
4373,4373,Vada_Sambhar,/content/drive/MyDrive/Indian_Food_Research/datasets/CompressedDataset/Vada_Sambhar/Vada_Sambhar_039.jpg
4373,4374,Vada_Sambhar,/content/drive/MyDrive/Indian_Food_Research/datasets/CompressedDataset/Vada_Sambhar/Vada_Sambhar_040.jpg
4382,4382,Vada_Sambhar,/content/drive/MyDrive/Indian_Food_Research/datasets/CompressedDataset/Vada_Sambhar/Vada_Sambhar_048.jpg
4382,4383,Vada_Sambhar,/content/drive/MyDrive/Indian_Food_Research/datasets/CompressedDataset/Vada_Sambhar/Vada_Sambhar_049.jpg
4387,4387,Vada_Sambhar,/content/drive/MyDrive/Indian_Food_Research/datasets/CompressedDataset/Vada_Sambhar/Vada_Sambhar_053.jpg
4387,4388,Vada_Sambhar,/content/drive/MyDrive/Indian_Food_Research/datasets/CompressedDataset/Vada_Sambhar/Vada_Sambhar_054.jpg
4410,4410,Vadapav,/content/drive/MyDrive/Indian_Food_Research/datasets/CompressedDataset/Vadapav/Vadapav_020.jpg
4410,4411,Vadapav,/content/drive/MyDrive/Indian_Food_Research/datasets/CompressedDataset/Vadapav/Vadapav_021.jpg
4441,4441,Veg_Lollipop,/content/drive/MyDrive/Indian_Food_Research/datasets/CompressedDataset/Veg_Lollipop/Veg_Lollipop_023.jpg
4441,4442,Veg_Lollipop,/content/drive/MyDrive/Indian_Food_Research/datasets/CompressedDataset/Veg_Lollipop/Veg_Lollipop_024.jpg
4454,4454,Veg_Lollipop,/content/drive/MyDrive/Indian_Food_Research/datasets/CompressedDataset/Veg_Lollipop/Veg_Lollipop_036.jpg
4454,4455,Veg_Lollipop,/content/drive/MyDrive/Indian_Food_Research/datasets/CompressedDataset/Veg_Lollipop/Veg_Lollipop_037.jpg
4490,4490,Veg_Manchurian,/content/drive/MyDrive/Indian_Food_Research/datasets/CompressedDataset/Veg_Manchurian/Veg_Manchurian_020.jpg
4490,4505,Veg_Manchurian,/content/drive/MyDrive/Indian_Food_Research/datasets/CompressedDataset/Veg_Manchurian/Veg_Manchurian_035.jpg
4492,4492,Veg_Manchurian,/content/drive/MyDrive/Indian_Food_Research/datasets/CompressedDataset/Veg_Manchurian/Veg_Manchurian_022.jpg
4492,4493,Veg_Manchurian,/content/drive/MyDrive/Indian_Food_Research/datasets/CompressedDataset/Veg_Manchurian/Veg_Manchurian_023.jpg
4512,4512,Veg_Manchurian,/content/drive/MyDrive/Indian_Food_Research/datasets/CompressedDataset/Veg_Manchurian/Veg_Manchurian_042.jpg
4512,4513,Veg_Manchurian,/content/drive/MyDrive/Indian_Food_Research/datasets/CompressedDataset/Veg_Manchurian/Veg_Manchurian_043.jpg
4516,4516,Veg_Manchurian,/content/drive/MyDrive/Indian_Food_Research/datasets/CompressedDataset/Veg_Manchurian/Veg_Manchurian_046.jpg
4516,4517,Veg_Manchurian,/content/drive/MyDrive/Indian_Food_Research/datasets/CompressedDataset/Veg_Manchurian/Veg_Manchurian_047.jpg
4520,4520,Veg_Manchurian,/content/drive/MyDrive/Indian_Food_Research/datasets/CompressedDataset/Veg_Manchurian/Veg_Manchurian_050.jpg
4520,4522,Veg_Manchurian,/content/drive/MyDrive/Indian_Food_Research/datasets/CompressedDataset/Veg_Manchurian/Veg_Manchurian_052.jpg
4532,4532,Veg_fried_noodles,/content/drive/MyDrive/Indian_Food_Research/datasets/CompressedDataset/Veg_fried_noodles/Veg_fried_noodles_001.jpg
4532,4533,Veg_fried_noodles,/content/drive/MyDrive/Indian_Food_Research/datasets/CompressedDataset/Veg_fried_noodles/Veg_fried_noodles_002.jpg
4545,4545,Veg_fried_noodles,/content/drive/MyDrive/Indian_Food_Research/datasets/CompressedDataset/Veg_fried_noodles/Veg_fried_noodles_014.jpg
4545,4546,Veg_fried_noodles,/content/drive/MyDrive/Indian_Food_Research/datasets/CompressedDataset/Veg_fried_noodles/Veg_fried_noodles_015.jpg
4559,4559,Veg_sandwich,/content/drive/MyDrive/Indian_Food_Research/datasets/CompressedDataset/Veg_sandwich/Veg_sandwich_003.jpg
4559,4560,Veg_sandwich,/content/drive/MyDrive/Indian_Food_Research/datasets/CompressedDataset/Veg_sandwich/Veg_sandwich_004.jpg
4565,4565,Veg_sandwich,/content/drive/MyDrive/Indian_Food_Research/datasets/CompressedDataset/Veg_sandwich/Veg_sandwich_009.jpg
4565,4566,Veg_sandwich,/content/drive/MyDrive/Indian_Food_Research/datasets/CompressedDataset/Veg_sandwich/Veg_sandwich_010.jpg
4565,4567,Veg_sandwich,/content/drive/MyDrive/Indian_Food_Research/datasets/CompressedDataset/Veg_sandwich/Veg_sandwich_011.jpg
